,Name,Team,Sample 0,Sample 1,Sample 2,Sample 3,Sample 4,Sample 5,Sample 6,Sample 7,Sample 8,Sample 9,Sample 10,Mean,Std,Median,5th,16th,84th,95th
434,Izak Rankine,Adelaide,21.0,21.0,21.0,21.0,21.0,21.0,21.0,21.0,20.0,21.0,21.0,20.90909090909091,0.30151134457776363,21.0,20.45,21.0,21.0,21.0
324,Jordan Dawson,Adelaide,21.0,21.0,21.0,21.0,21.0,20.0,21.0,20.0,21.0,21.0,21.0,20.818181818181817,0.4045199174779452,21.0,20.0,20.59,21.0,21.0
314,Wayne Milera,Adelaide,10.0,9.0,9.0,10.0,9.0,10.0,9.0,9.0,9.0,9.0,9.0,9.272727272727273,0.46709936649691375,9.0,9.0,9.0,10.0,10.0
318,Sam Berry,Adelaide,9.0,9.0,9.0,9.0,9.0,9.0,9.0,9.0,9.0,9.0,9.0,9.0,0.0,9.0,9.0,9.0,9.0,9.0
328,Darcy Fogarty,Adelaide,5.0,5.0,5.0,5.0,5.0,5.0,5.0,5.0,5.0,5.0,5.0,5.0,0.0,5.0,5.0,5.0,5.0,5.0
319,Josh Rachele,Adelaide,5.0,5.0,5.0,5.0,5.0,5.0,5.0,5.0,5.0,5.0,5.0,5.0,0.0,5.0,5.0,5.0,5.0,5.0
315,Riley Thilthorpe,Adelaide,4.0,4.0,4.0,4.0,4.0,4.0,4.0,4.0,4.0,4.0,4.0,4.0,0.0,4.0,4.0,4.0,4.0,4.0
323,Taylor Walker,Adelaide,4.0,4.0,4.0,4.0,4.0,4.0,4.0,4.0,4.0,4.0,4.0,4.0,0.0,4.0,4.0,4.0,4.0,4.0
626,Mark Keane,Adelaide,2.0,2.0,2.0,2.0,2.0,2.0,2.0,2.0,2.0,2.0,2.0,2.0,0.0,2.0,2.0,2.0,2.0,2.0
322,James Peatling,Adelaide,2.0,1.0,1.0,1.0,1.0,1.0,1.0,1.0,1.0,1.0,1.0,1.0909090909090908,0.30151134457776363,1.0,1.0,1.0,1.0,1.549999999999999
556,Daniel Curtin,Adelaide,1.0,2.0,1.0,1.0,1.0,1.0,1.0,1.0,1.0,1.0,1.0,1.0909090909090908,0.30151134457776363,1.0,1.0,1.0,1.0,1.549999999999999
321,Rory Laird,Adelaide,1.0,1.0,1.0,1.0,1.0,1.0,1.0,1.0,1.0,1.0,1.0,1.0,0.0,1.0,1.0,1.0,1.0,1.0
326,Lachlan McAndrew,Adelaide,0.0,0.0,0.0,0.0,0.0,0.0,0.0,0.0,1.0,0.0,0.0,0.09090909090909091,0.30151134457776363,0.0,0.0,0.0,0.0,0.5499999999999989
332,Max Michalanney,Adelaide,0.0,0.0,0.0,0.0,0.0,0.0,0.0,0.0,0.0,0.0,0.0,0.0,0.0,0.0,0.0,0.0,0.0,0.0
316,Alex Neal-Bullen,Adelaide,0.0,0.0,0.0,0.0,0.0,0.0,0.0,0.0,0.0,0.0,0.0,0.0,0.0,0.0,0.0,0.0,0.0,0.0
317,Josh Worrell,Adelaide,0.0,0.0,0.0,0.0,0.0,0.0,0.0,0.0,0.0,0.0,0.0,0.0,0.0,0.0,0.0,0.0,0.0,0.0
320,Brayden Cook,Adelaide,0.0,0.0,0.0,0.0,0.0,0.0,0.0,0.0,0.0,0.0,0.0,0.0,0.0,0.0,0.0,0.0,0.0,0.0
325,Isaac Cumming,Adelaide,0.0,0.0,0.0,0.0,0.0,0.0,0.0,0.0,0.0,0.0,0.0,0.0,0.0,0.0,0.0,0.0,0.0,0.0
327,Jake Soligo,Adelaide,0.0,0.0,0.0,0.0,0.0,0.0,0.0,0.0,0.0,0.0,0.0,0.0,0.0,0.0,0.0,0.0,0.0,0.0
329,Ben Keays,Adelaide,0.0,0.0,0.0,0.0,0.0,0.0,0.0,0.0,0.0,0.0,0.0,0.0,0.0,0.0,0.0,0.0,0.0,0.0
330,Callum Ah Chee,Adelaide,0.0,0.0,0.0,0.0,0.0,0.0,0.0,0.0,0.0,0.0,0.0,0.0,0.0,0.0,0.0,0.0,0.0,0.0
331,Nick Murray,Adelaide,0.0,0.0,0.0,0.0,0.0,0.0,0.0,0.0,0.0,0.0,0.0,0.0,0.0,0.0,0.0,0.0,0.0,0.0
333,Luke Pedlar,Adelaide,0.0,0.0,0.0,0.0,0.0,0.0,0.0,0.0,0.0,0.0,0.0,0.0,0.0,0.0,0.0,0.0,0.0,0.0
335,Toby Murray,Adelaide,0.0,0.0,0.0,0.0,0.0,0.0,0.0,0.0,0.0,0.0,0.0,0.0,0.0,0.0,0.0,0.0,0.0,0.0
336,Hugh Bond,Adelaide,0.0,0.0,0.0,0.0,0.0,0.0,0.0,0.0,0.0,0.0,0.0,0.0,0.0,0.0,0.0,0.0,0.0,0.0
655,Archie Ludowyke,Adelaide,0.0,0.0,0.0,0.0,0.0,0.0,0.0,0.0,0.0,0.0,0.0,0.0,0.0,0.0,0.0,0.0,0.0,0.0
601,Hugo Hall-Kahan,Adelaide,0.0,0.0,0.0,0.0,0.0,0.0,0.0,0.0,0.0,0.0,0.0,0.0,0.0,0.0,0.0,0.0,0.0,0.0
511,Mitchell Hinge,Adelaide,0.0,0.0,0.0,0.0,0.0,0.0,0.0,0.0,0.0,0.0,0.0,0.0,0.0,0.0,0.0,0.0,0.0,0.0
490,Reilly OBrien,Adelaide,0.0,0.0,0.0,0.0,0.0,0.0,0.0,0.0,0.0,0.0,0.0,0.0,0.0,0.0,0.0,0.0,0.0,0.0
454,Finnbar Maley,Adelaide,0.0,0.0,0.0,0.0,0.0,0.0,0.0,0.0,0.0,0.0,0.0,0.0,0.0,0.0,0.0,0.0,0.0,0.0
452,Zac Taylor,Adelaide,0.0,0.0,0.0,0.0,0.0,0.0,0.0,0.0,0.0,0.0,0.0,0.0,0.0,0.0,0.0,0.0,0.0,0.0
453,Luke Nankervis,Adelaide,0.0,0.0,0.0,0.0,0.0,0.0,0.0,0.0,0.0,0.0,0.0,0.0,0.0,0.0,0.0,0.0,0.0,0.0
489,James Borlase,Adelaide,0.0,0.0,0.0,0.0,0.0,0.0,0.0,0.0,0.0,0.0,0.0,0.0,0.0,0.0,0.0,0.0,0.0,0.0
433,Chayce Jones,Adelaide,0.0,0.0,0.0,0.0,0.0,0.0,0.0,0.0,0.0,0.0,0.0,0.0,0.0,0.0,0.0,0.0,0.0,0.0
654,Oscar Ryan,Adelaide,0.0,0.0,0.0,0.0,0.0,0.0,0.0,0.0,0.0,0.0,0.0,0.0,0.0,0.0,0.0,0.0,0.0,0.0
334,Jordon Butts,Adelaide,0.0,0.0,0.0,0.0,0.0,0.0,0.0,0.0,0.0,0.0,0.0,0.0,0.0,0.0,0.0,0.0,0.0,0.0
632,Billy Dowling,Adelaide,0.0,0.0,0.0,0.0,0.0,0.0,0.0,0.0,0.0,0.0,0.0,0.0,0.0,0.0,0.0,0.0,0.0,0.0
534,Charlie Edwards,Adelaide,0.0,0.0,0.0,0.0,0.0,0.0,0.0,0.0,0.0,0.0,0.0,0.0,0.0,0.0,0.0,0.0,0.0,0.0
146,Will Ashcroft,Brisbane,27.0,27.0,27.0,27.0,28.0,27.0,27.0,27.0,27.0,27.0,27.0,27.09090909090909,0.30151134457776363,27.0,27.0,27.0,27.0,27.549999999999997
139,Lachie Neale,Brisbane,21.0,20.0,20.0,20.0,20.0,20.0,20.0,20.0,20.0,20.0,20.0,20.09090909090909,0.30151134457776363,20.0,20.0,20.0,20.0,20.549999999999997
157,Zac Bailey,Brisbane,13.0,12.0,13.0,13.0,14.0,13.0,13.0,13.0,13.0,13.0,14.0,13.090909090909092,0.5393598899705937,13.0,12.45,13.0,13.41,14.0
155,Logan Morris,Brisbane,6.0,6.0,6.0,6.0,6.0,6.0,6.0,6.0,6.0,6.0,6.0,6.0,0.0,6.0,6.0,6.0,6.0,6.0
170,Darcy Wilmot,Brisbane,4.0,4.0,4.0,4.0,4.0,4.0,4.0,4.0,4.0,4.0,4.0,4.0,0.0,4.0,4.0,4.0,4.0,4.0
158,Kai Lohmann,Brisbane,3.0,4.0,4.0,3.0,4.0,4.0,3.0,4.0,3.0,4.0,3.0,3.5454545454545454,0.5222329678670935,4.0,3.0,3.0,4.0,4.0
140,Charlie Cameron,Brisbane,3.0,3.0,3.0,3.0,3.0,3.0,3.0,3.0,3.0,3.0,3.0,3.0,0.0,3.0,3.0,3.0,3.0,3.0
179,Hugh McCluggage,Brisbane,3.0,3.0,3.0,3.0,3.0,3.0,3.0,3.0,3.0,3.0,3.0,3.0,0.0,3.0,3.0,3.0,3.0,3.0
152,Jarrod Berry,Brisbane,3.0,3.0,3.0,3.0,3.0,3.0,3.0,3.0,3.0,3.0,3.0,3.0,0.0,3.0,3.0,3.0,3.0,3.0
151,Ryan Lester,Brisbane,2.0,2.0,2.0,2.0,2.0,2.0,2.0,2.0,2.0,2.0,2.0,2.0,0.0,2.0,2.0,2.0,2.0,2.0
149,Harris Andrews,Brisbane,2.0,2.0,2.0,2.0,2.0,2.0,2.0,2.0,2.0,2.0,2.0,2.0,0.0,2.0,2.0,2.0,2.0,2.0
166,Levi Ashcroft,Brisbane,2.0,2.0,2.0,2.0,2.0,2.0,2.0,2.0,2.0,2.0,2.0,2.0,0.0,2.0,2.0,2.0,2.0,2.0
162,Josh Dunkley,Brisbane,1.0,1.0,1.0,2.0,1.0,1.0,2.0,2.0,2.0,1.0,2.0,1.4545454545454546,0.5222329678670935,1.0,1.0,1.0,2.0,2.0
182,Darcy Gardiner,Brisbane,0.0,0.0,0.0,0.0,0.0,0.0,0.0,0.0,0.0,0.0,0.0,0.0,0.0,0.0,0.0,0.0,0.0,0.0
180,Oscar Allen,Brisbane,0.0,0.0,0.0,0.0,0.0,0.0,0.0,0.0,0.0,0.0,0.0,0.0,0.0,0.0,0.0,0.0,0.0,0.0
141,Dayne Zorko,Brisbane,0.0,0.0,0.0,0.0,0.0,0.0,0.0,0.0,0.0,0.0,0.0,0.0,0.0,0.0,0.0,0.0,0.0,0.0
167,Cam Rayner,Brisbane,0.0,0.0,0.0,0.0,0.0,0.0,0.0,0.0,0.0,0.0,0.0,0.0,0.0,0.0,0.0,0.0,0.0,0.0
169,Jaspa Fletcher,Brisbane,0.0,0.0,0.0,0.0,0.0,0.0,0.0,0.0,0.0,0.0,0.0,0.0,0.0,0.0,0.0,0.0,0.0,0.0
171,Darcy Fort,Brisbane,0.0,0.0,0.0,0.0,0.0,0.0,0.0,0.0,0.0,0.0,0.0,0.0,0.0,0.0,0.0,0.0,0.0,0.0
309,Lincoln McCarthy,Brisbane,0.0,0.0,0.0,0.0,0.0,0.0,0.0,0.0,0.0,0.0,0.0,0.0,0.0,0.0,0.0,0.0,0.0,0.0
310,Daniel Annable,Brisbane,0.0,0.0,0.0,0.0,0.0,0.0,0.0,0.0,0.0,0.0,0.0,0.0,0.0,0.0,0.0,0.0,0.0,0.0
311,Noah Answerth,Brisbane,0.0,0.0,0.0,0.0,0.0,0.0,0.0,0.0,0.0,0.0,0.0,0.0,0.0,0.0,0.0,0.0,0.0,0.0
312,James Tunstill,Brisbane,0.0,0.0,0.0,0.0,0.0,0.0,0.0,0.0,0.0,0.0,0.0,0.0,0.0,0.0,0.0,0.0,0.0,0.0
313,Sam Draper,Brisbane,0.0,0.0,0.0,0.0,0.0,0.0,0.0,0.0,0.0,0.0,0.0,0.0,0.0,0.0,0.0,0.0,0.0,0.0
174,Ty Gallop,Brisbane,0.0,0.0,0.0,0.0,0.0,0.0,0.0,0.0,0.0,0.0,0.0,0.0,0.0,0.0,0.0,0.0,0.0,0.0
483,Darragh Joyce,Brisbane,0.0,0.0,0.0,0.0,0.0,0.0,0.0,0.0,0.0,0.0,0.0,0.0,0.0,0.0,0.0,0.0,0.0,0.0
175,Keidean Coleman,Brisbane,0.0,0.0,0.0,0.0,0.0,0.0,0.0,0.0,0.0,0.0,0.0,0.0,0.0,0.0,0.0,0.0,0.0,0.0
593,Will McLachlan,Brisbane,0.0,0.0,0.0,0.0,0.0,0.0,0.0,0.0,0.0,0.0,0.0,0.0,0.0,0.0,0.0,0.0,0.0,0.0
604,Shadeau Brain,Brisbane,0.0,0.0,0.0,0.0,0.0,0.0,0.0,0.0,0.0,0.0,0.0,0.0,0.0,0.0,0.0,0.0,0.0,0.0
176,Zane Zakostelsky,Brisbane,0.0,0.0,0.0,0.0,0.0,0.0,0.0,0.0,0.0,0.0,0.0,0.0,0.0,0.0,0.0,0.0,0.0,0.0
163,Bruce Reville,Brisbane,0.0,0.0,0.0,0.0,0.0,0.0,0.0,0.0,0.0,0.0,0.0,0.0,0.0,0.0,0.0,0.0,0.0,0.0
553,Conor McKenna,Brisbane,0.0,0.0,0.0,0.0,0.0,0.0,0.0,0.0,0.0,0.0,0.0,0.0,0.0,0.0,0.0,0.0,0.0,0.0
557,Cody Curtin,Brisbane,0.0,0.0,0.0,0.0,0.0,0.0,0.0,0.0,0.0,0.0,0.0,0.0,0.0,0.0,0.0,0.0,0.0,0.0
624,Eric Hipwood,Brisbane,0.0,0.0,0.0,0.0,0.0,0.0,0.0,0.0,0.0,0.0,0.0,0.0,0.0,0.0,0.0,0.0,0.0,0.0
575,Sam Marshall,Brisbane,0.0,0.0,0.0,0.0,0.0,0.0,0.0,0.0,0.0,0.0,0.0,0.0,0.0,0.0,0.0,0.0,0.0,0.0
28,Patrick Cripps,Carlton,23.0,23.0,23.0,23.0,22.0,23.0,23.0,24.0,23.0,23.0,23.0,23.0,0.4472135954999579,23.0,22.45,23.0,23.0,23.549999999999997
3,Sam Walsh,Carlton,12.0,12.0,11.0,11.0,13.0,13.0,11.0,11.0,11.0,11.0,12.0,11.636363636363637,0.8090398349558905,11.0,11.0,11.0,12.41,13.0
44,George Hewett,Carlton,11.0,10.0,10.0,11.0,11.0,11.0,11.0,10.0,10.0,10.0,11.0,10.545454545454545,0.5222329678670935,11.0,10.0,10.0,11.0,11.0
15,Jagga Smith,Carlton,10.0,10.0,10.0,10.0,10.0,10.0,11.0,10.0,10.0,10.0,10.0,10.090909090909092,0.30151134457776363,10.0,10.0,10.0,10.0,10.549999999999999
480,Francis Evans,Carlton,4.0,4.0,4.0,4.0,4.0,4.0,4.0,4.0,4.0,4.0,4.0,4.0,0.0,4.0,4.0,4.0,4.0,4.0
23,Oliver Florent,Carlton,2.0,2.0,2.0,2.0,2.0,2.0,3.0,2.0,2.0,2.0,2.0,2.090909090909091,0.30151134457776363,2.0,2.0,2.0,2.0,2.549999999999999
478,Talor Byrne,Carlton,2.0,2.0,2.0,2.0,2.0,2.0,1.0,2.0,2.0,2.0,2.0,1.9090909090909092,0.30151134457776363,2.0,1.45,2.0,2.0,2.0
39,Harry McKay,Carlton,1.0,2.0,2.0,1.0,1.0,1.0,1.0,2.0,2.0,2.0,1.0,1.4545454545454546,0.5222329678670935,1.0,1.0,1.0,2.0,2.0
20,Ben Ainsworth,Carlton,1.0,1.0,1.0,2.0,1.0,1.0,2.0,2.0,2.0,2.0,1.0,1.4545454545454546,0.5222329678670935,1.0,1.0,1.0,2.0,2.0
242,Matthew Carroll,Carlton,1.0,1.0,1.0,1.0,1.0,1.0,1.0,1.0,1.0,1.0,1.0,1.0,0.0,1.0,1.0,1.0,1.0,1.0
6,Marc Pittonet,Carlton,1.0,1.0,1.0,1.0,1.0,1.0,1.0,1.0,1.0,1.0,1.0,1.0,0.0,1.0,1.0,1.0,1.0,1.0
37,Brodie Kemp,Carlton,1.0,1.0,1.0,1.0,1.0,1.0,1.0,1.0,1.0,1.0,1.0,1.0,0.0,1.0,1.0,1.0,1.0,1.0
16,Cooper Lord,Carlton,0.0,0.0,0.0,0.0,0.0,0.0,0.0,0.0,0.0,0.0,0.0,0.0,0.0,0.0,0.0,0.0,0.0,0.0
21,Zac Williams,Carlton,0.0,0.0,0.0,0.0,0.0,0.0,0.0,0.0,0.0,0.0,0.0,0.0,0.0,0.0,0.0,0.0,0.0,0.0
22,Adam Saad,Carlton,0.0,0.0,0.0,0.0,0.0,0.0,0.0,0.0,0.0,0.0,0.0,0.0,0.0,0.0,0.0,0.0,0.0,0.0
26,Harry Dean,Carlton,0.0,0.0,0.0,0.0,0.0,0.0,0.0,0.0,0.0,0.0,0.0,0.0,0.0,0.0,0.0,0.0,0.0,0.0
27,Mitch McGovern,Carlton,0.0,0.0,0.0,0.0,0.0,0.0,0.0,0.0,0.0,0.0,0.0,0.0,0.0,0.0,0.0,0.0,0.0,0.0
32,Ashton Moir,Carlton,0.0,0.0,0.0,0.0,0.0,0.0,0.0,0.0,0.0,0.0,0.0,0.0,0.0,0.0,0.0,0.0,0.0,0.0
33,Will Hayward,Carlton,0.0,0.0,0.0,0.0,0.0,0.0,0.0,0.0,0.0,0.0,0.0,0.0,0.0,0.0,0.0,0.0,0.0,0.0
34,Elijah Hollands,Carlton,0.0,0.0,0.0,0.0,0.0,0.0,0.0,0.0,0.0,0.0,0.0,0.0,0.0,0.0,0.0,0.0,0.0,0.0
35,Jacob Weitering,Carlton,0.0,0.0,0.0,0.0,0.0,0.0,0.0,0.0,0.0,0.0,0.0,0.0,0.0,0.0,0.0,0.0,0.0,0.0
38,Lachie Fogarty,Carlton,0.0,0.0,0.0,0.0,0.0,0.0,0.0,0.0,0.0,0.0,0.0,0.0,0.0,0.0,0.0,0.0,0.0,0.0
41,Campbell Chesser,Carlton,0.0,0.0,0.0,0.0,0.0,0.0,0.0,0.0,0.0,0.0,0.0,0.0,0.0,0.0,0.0,0.0,0.0,0.0
43,Lewis Young,Carlton,0.0,0.0,0.0,0.0,0.0,0.0,0.0,0.0,0.0,0.0,0.0,0.0,0.0,0.0,0.0,0.0,0.0,0.0
45,Liam Reidy,Carlton,0.0,0.0,0.0,0.0,0.0,0.0,0.0,0.0,0.0,0.0,0.0,0.0,0.0,0.0,0.0,0.0,0.0,0.0
31,Oliver Hollands,Carlton,0.0,0.0,0.0,0.0,0.0,0.0,0.0,0.0,0.0,0.0,0.0,0.0,0.0,0.0,0.0,0.0,0.0,0.0
251,Lachlan Cowan,Carlton,0.0,0.0,0.0,0.0,0.0,0.0,0.0,0.0,0.0,0.0,0.0,0.0,0.0,0.0,0.0,0.0,0.0,0.0
252,Hudson O'Keeffe,Carlton,0.0,0.0,0.0,0.0,0.0,0.0,0.0,0.0,0.0,0.0,0.0,0.0,0.0,0.0,0.0,0.0,0.0,0.0
484,Nic Newman,Carlton,0.0,0.0,0.0,0.0,0.0,0.0,0.0,0.0,0.0,0.0,0.0,0.0,0.0,0.0,0.0,0.0,0.0,0.0
485,Adam Cerra,Carlton,0.0,0.0,0.0,0.0,0.0,0.0,0.0,0.0,0.0,0.0,0.0,0.0,0.0,0.0,0.0,0.0,0.0,0.0
486,Wade Derksen,Carlton,0.0,0.0,0.0,0.0,0.0,0.0,0.0,0.0,0.0,0.0,0.0,0.0,0.0,0.0,0.0,0.0,0.0,0.0
487,Jordan Boyd,Carlton,0.0,0.0,0.0,0.0,0.0,0.0,0.0,0.0,0.0,0.0,0.0,0.0,0.0,0.0,0.0,0.0,0.0,0.0
591,Flynn Young,Carlton,0.0,0.0,0.0,0.0,0.0,0.0,0.0,0.0,0.0,0.0,0.0,0.0,0.0,0.0,0.0,0.0,0.0,0.0
596,Blake Acres,Carlton,0.0,0.0,0.0,0.0,0.0,0.0,0.0,0.0,0.0,0.0,0.0,0.0,0.0,0.0,0.0,0.0,0.0,0.0
642,Flynn Riley,Carlton,0.0,0.0,0.0,0.0,0.0,0.0,0.0,0.0,0.0,0.0,0.0,0.0,0.0,0.0,0.0,0.0,0.0,0.0
510,Nick Haynes,Carlton,0.0,0.0,0.0,0.0,0.0,0.0,0.0,0.0,0.0,0.0,0.0,0.0,0.0,0.0,0.0,0.0,0.0,0.0
564,Billy Wilson,Carlton,0.0,0.0,0.0,0.0,0.0,0.0,0.0,0.0,0.0,0.0,0.0,0.0,0.0,0.0,0.0,0.0,0.0,0.0
551,Matthew Cottrell,Carlton,0.0,0.0,0.0,0.0,0.0,0.0,0.0,0.0,0.0,0.0,0.0,0.0,0.0,0.0,0.0,0.0,0.0,0.0
581,Jack Ison,Carlton,0.0,0.0,0.0,0.0,0.0,0.0,0.0,0.0,0.0,0.0,0.0,0.0,0.0,0.0,0.0,0.0,0.0,0.0
184,Nick Daicos,Collingwood,44.0,44.0,44.0,44.0,44.0,44.0,44.0,44.0,44.0,44.0,44.0,44.0,0.0,44.0,44.0,44.0,44.0,44.0
185,Josh Daicos,Collingwood,9.0,7.0,9.0,9.0,8.0,9.0,8.0,9.0,9.0,9.0,9.0,8.636363636363637,0.674199862463242,9.0,7.45,8.0,9.0,9.0
187,Jordan de Goey,Collingwood,7.0,7.0,8.0,8.0,8.0,7.0,7.0,7.0,7.0,8.0,7.0,7.363636363636363,0.504524979109513,7.0,7.0,7.0,8.0,8.0
188,Darcy Cameron,Collingwood,7.0,7.0,6.0,6.0,6.0,6.0,6.0,7.0,7.0,6.0,7.0,6.454545454545454,0.5222329678670935,6.0,6.0,6.0,7.0,7.0
207,Daniel McStay,Collingwood,4.0,4.0,4.0,4.0,4.0,4.0,4.0,4.0,4.0,4.0,4.0,4.0,0.0,4.0,4.0,4.0,4.0,4.0
203,Beau McCreery,Collingwood,3.0,3.0,3.0,3.0,3.0,3.0,3.0,3.0,3.0,3.0,3.0,3.0,0.0,3.0,3.0,3.0,3.0,3.0
189,Scott Pendlebury,Collingwood,3.0,3.0,3.0,3.0,3.0,3.0,3.0,3.0,3.0,3.0,3.0,3.0,0.0,3.0,3.0,3.0,3.0,3.0
215,Jamie Elliott,Collingwood,2.0,2.0,2.0,2.0,2.0,2.0,2.0,2.0,2.0,2.0,2.0,2.0,0.0,2.0,2.0,2.0,2.0,2.0
204,Steele Sidebottom,Collingwood,1.0,2.0,1.0,1.0,2.0,1.0,2.0,1.0,1.0,1.0,1.0,1.2727272727272727,0.46709936649691375,1.0,1.0,1.0,2.0,2.0
229,Tim Membrey,Collingwood,2.0,1.0,1.0,1.0,1.0,2.0,1.0,1.0,1.0,1.0,1.0,1.1818181818181819,0.40451991747794525,1.0,1.0,1.0,1.4100000000000001,2.0
456,Jeremy Howe,Collingwood,1.0,1.0,1.0,1.0,1.0,1.0,1.0,1.0,1.0,1.0,1.0,1.0,0.0,1.0,1.0,1.0,1.0,1.0
191,Dan Houston,Collingwood,1.0,1.0,1.0,1.0,1.0,1.0,1.0,1.0,1.0,1.0,1.0,1.0,0.0,1.0,1.0,1.0,1.0,1.0
198,Patrick Lipinski,Collingwood,1.0,1.0,1.0,1.0,1.0,1.0,0.0,1.0,1.0,1.0,1.0,0.9090909090909091,0.30151134457776363,1.0,0.44999999999999996,1.0,1.0,1.0
194,Jack Crisp,Collingwood,0.0,0.0,1.0,0.0,0.0,0.0,0.0,0.0,0.0,0.0,0.0,0.09090909090909091,0.3015113445777636,0.0,0.0,0.0,0.0,0.5499999999999989
208,Wil Parker,Collingwood,0.0,0.0,0.0,0.0,0.0,0.0,0.0,0.0,0.0,0.0,0.0,0.0,0.0,0.0,0.0,0.0,0.0,0.0
190,Brayden Maynard,Collingwood,0.0,0.0,0.0,0.0,0.0,0.0,0.0,0.0,0.0,0.0,0.0,0.0,0.0,0.0,0.0,0.0,0.0,0.0
192,Lachie Schultz,Collingwood,0.0,0.0,0.0,0.0,0.0,0.0,0.0,0.0,0.0,0.0,0.0,0.0,0.0,0.0,0.0,0.0,0.0,0.0
193,Isaac Quaynor,Collingwood,0.0,0.0,0.0,0.0,0.0,0.0,0.0,0.0,0.0,0.0,0.0,0.0,0.0,0.0,0.0,0.0,0.0,0.0
202,Harry Perryman,Collingwood,0.0,0.0,0.0,0.0,0.0,0.0,0.0,0.0,0.0,0.0,0.0,0.0,0.0,0.0,0.0,0.0,0.0,0.0
214,Roan Steele,Collingwood,0.0,0.0,0.0,0.0,0.0,0.0,0.0,0.0,0.0,0.0,0.0,0.0,0.0,0.0,0.0,0.0,0.0,0.0
216,Ned Long,Collingwood,0.0,0.0,0.0,0.0,0.0,0.0,0.0,0.0,0.0,0.0,0.0,0.0,0.0,0.0,0.0,0.0,0.0,0.0
219,Billy Frampton,Collingwood,0.0,0.0,0.0,0.0,0.0,0.0,0.0,0.0,0.0,0.0,0.0,0.0,0.0,0.0,0.0,0.0,0.0,0.0
223,Edward Allan,Collingwood,0.0,0.0,0.0,0.0,0.0,0.0,0.0,0.0,0.0,0.0,0.0,0.0,0.0,0.0,0.0,0.0,0.0,0.0
227,Jack Buller,Collingwood,0.0,0.0,0.0,0.0,0.0,0.0,0.0,0.0,0.0,0.0,0.0,0.0,0.0,0.0,0.0,0.0,0.0,0.0
481,William Hayes,Collingwood,0.0,0.0,0.0,0.0,0.0,0.0,0.0,0.0,0.0,0.0,0.0,0.0,0.0,0.0,0.0,0.0,0.0,0.0
482,Lachlan Sullivan,Collingwood,0.0,0.0,0.0,0.0,0.0,0.0,0.0,0.0,0.0,0.0,0.0,0.0,0.0,0.0,0.0,0.0,0.0,0.0
662,Noah Howes,Collingwood,0.0,0.0,0.0,0.0,0.0,0.0,0.0,0.0,0.0,0.0,0.0,0.0,0.0,0.0,0.0,0.0,0.0,0.0
599,Harvey Harrison,Collingwood,0.0,0.0,0.0,0.0,0.0,0.0,0.0,0.0,0.0,0.0,0.0,0.0,0.0,0.0,0.0,0.0,0.0,0.0
512,Angus Anderson,Collingwood,0.0,0.0,0.0,0.0,0.0,0.0,0.0,0.0,0.0,0.0,0.0,0.0,0.0,0.0,0.0,0.0,0.0,0.0
637,Liam Puncher,Collingwood,0.0,0.0,0.0,0.0,0.0,0.0,0.0,0.0,0.0,0.0,0.0,0.0,0.0,0.0,0.0,0.0,0.0,0.0
455,Oscar Steene,Collingwood,0.0,0.0,0.0,0.0,0.0,0.0,0.0,0.0,0.0,0.0,0.0,0.0,0.0,0.0,0.0,0.0,0.0,0.0
458,Darcy Moore,Collingwood,0.0,0.0,0.0,0.0,0.0,0.0,0.0,0.0,0.0,0.0,0.0,0.0,0.0,0.0,0.0,0.0,0.0,0.0
627,Sam Swadling,Collingwood,0.0,0.0,0.0,0.0,0.0,0.0,0.0,0.0,0.0,0.0,0.0,0.0,0.0,0.0,0.0,0.0,0.0,0.0
576,Charlie West,Collingwood,0.0,0.0,0.0,0.0,0.0,0.0,0.0,0.0,0.0,0.0,0.0,0.0,0.0,0.0,0.0,0.0,0.0,0.0
612,Mitch Podhajski,Collingwood,0.0,0.0,0.0,0.0,0.0,0.0,0.0,0.0,0.0,0.0,0.0,0.0,0.0,0.0,0.0,0.0,0.0,0.0
272,Archie Roberts,Essendon,6.0,6.0,6.0,6.0,6.0,6.0,6.0,6.0,6.0,6.0,6.0,6.0,0.0,6.0,6.0,6.0,6.0,6.0
256,Zach Merrett,Essendon,6.0,6.0,6.0,5.0,5.0,5.0,5.0,5.0,5.0,6.0,6.0,5.454545454545454,0.5222329678670935,5.0,5.0,5.0,6.0,6.0
260,Darcy Parish,Essendon,5.0,5.0,5.0,5.0,5.0,5.0,5.0,5.0,5.0,5.0,5.0,5.0,0.0,5.0,5.0,5.0,5.0,5.0
259,Sam Durham,Essendon,4.0,4.0,4.0,4.0,4.0,4.0,4.0,4.0,4.0,4.0,4.0,4.0,0.0,4.0,4.0,4.0,4.0,4.0
567,Nick Bryan,Essendon,2.0,2.0,2.0,2.0,2.0,2.0,2.0,2.0,2.0,2.0,2.0,2.0,0.0,2.0,2.0,2.0,2.0,2.0
582,Will Setterfield,Essendon,2.0,2.0,2.0,2.0,2.0,2.0,2.0,2.0,2.0,2.0,2.0,2.0,0.0,2.0,2.0,2.0,2.0,2.0
274,Nate Caddy,Essendon,1.0,1.0,1.0,1.0,0.0,1.0,1.0,1.0,1.0,1.0,1.0,0.9090909090909091,0.30151134457776363,1.0,0.44999999999999996,1.0,1.0,1.0
447,Isaac Kako,Essendon,0.0,0.0,0.0,1.0,1.0,1.0,1.0,1.0,1.0,0.0,0.0,0.5454545454545454,0.5222329678670935,1.0,0.0,0.0,1.0,1.0
269,Peter Wright,Essendon,0.0,0.0,0.0,0.0,0.0,1.0,0.0,1.0,0.0,0.0,0.0,0.18181818181818182,0.4045199174779452,0.0,0.0,0.0,0.41000000000000014,1.0
279,Kyle Langford,Essendon,0.0,0.0,0.0,0.0,0.0,0.0,0.0,0.0,0.0,0.0,0.0,0.0,0.0,0.0,0.0,0.0,0.0,0.0
261,Ben McKay,Essendon,0.0,0.0,0.0,0.0,0.0,0.0,0.0,0.0,0.0,0.0,0.0,0.0,0.0,0.0,0.0,0.0,0.0,0.0
263,Xavier Duursma,Essendon,0.0,0.0,0.0,0.0,0.0,0.0,0.0,0.0,0.0,0.0,0.0,0.0,0.0,0.0,0.0,0.0,0.0,0.0
264,Hussien El Achkar,Essendon,0.0,0.0,0.0,0.0,0.0,0.0,0.0,0.0,0.0,0.0,0.0,0.0,0.0,0.0,0.0,0.0,0.0,0.0
265,Dyson Sharp,Essendon,0.0,0.0,0.0,0.0,0.0,0.0,0.0,0.0,0.0,0.0,0.0,0.0,0.0,0.0,0.0,0.0,0.0,0.0
266,Jaxon Prior,Essendon,0.0,0.0,0.0,0.0,0.0,0.0,0.0,0.0,0.0,0.0,0.0,0.0,0.0,0.0,0.0,0.0,0.0,0.0
267,Archie Perkins,Essendon,0.0,0.0,0.0,0.0,0.0,0.0,0.0,0.0,0.0,0.0,0.0,0.0,0.0,0.0,0.0,0.0,0.0,0.0
268,Andrew McGrath,Essendon,0.0,0.0,0.0,0.0,0.0,0.0,0.0,0.0,0.0,0.0,0.0,0.0,0.0,0.0,0.0,0.0,0.0,0.0
270,Brayden Fiorini,Essendon,0.0,0.0,0.0,0.0,0.0,0.0,0.0,0.0,0.0,0.0,0.0,0.0,0.0,0.0,0.0,0.0,0.0,0.0
271,Max Kondogiannis,Essendon,0.0,0.0,0.0,0.0,0.0,0.0,0.0,0.0,0.0,0.0,0.0,0.0,0.0,0.0,0.0,0.0,0.0,0.0
273,Lachlan Blakiston,Essendon,0.0,0.0,0.0,0.0,0.0,0.0,0.0,0.0,0.0,0.0,0.0,0.0,0.0,0.0,0.0,0.0,0.0,0.0
275,Zak Johnson,Essendon,0.0,0.0,0.0,0.0,0.0,0.0,0.0,0.0,0.0,0.0,0.0,0.0,0.0,0.0,0.0,0.0,0.0,0.0
276,Jye Caldwell,Essendon,0.0,0.0,0.0,0.0,0.0,0.0,0.0,0.0,0.0,0.0,0.0,0.0,0.0,0.0,0.0,0.0,0.0,0.0
278,Zach Reid,Essendon,0.0,0.0,0.0,0.0,0.0,0.0,0.0,0.0,0.0,0.0,0.0,0.0,0.0,0.0,0.0,0.0,0.0,0.0
280,Archer May,Essendon,0.0,0.0,0.0,0.0,0.0,0.0,0.0,0.0,0.0,0.0,0.0,0.0,0.0,0.0,0.0,0.0,0.0,0.0
277,Jayden Nguyen,Essendon,0.0,0.0,0.0,0.0,0.0,0.0,0.0,0.0,0.0,0.0,0.0,0.0,0.0,0.0,0.0,0.0,0.0,0.0
262,Mason Redman,Essendon,0.0,0.0,0.0,0.0,0.0,0.0,0.0,0.0,0.0,0.0,0.0,0.0,0.0,0.0,0.0,0.0,0.0,0.0
469,Jade Gresham,Essendon,0.0,0.0,0.0,0.0,0.0,0.0,0.0,0.0,0.0,0.0,0.0,0.0,0.0,0.0,0.0,0.0,0.0,0.0
470,Archer Day-Wicks,Essendon,0.0,0.0,0.0,0.0,0.0,0.0,0.0,0.0,0.0,0.0,0.0,0.0,0.0,0.0,0.0,0.0,0.0,0.0
471,Matt Guelfi,Essendon,0.0,0.0,0.0,0.0,0.0,0.0,0.0,0.0,0.0,0.0,0.0,0.0,0.0,0.0,0.0,0.0,0.0,0.0
473,Jacob Farrow,Essendon,0.0,0.0,0.0,0.0,0.0,0.0,0.0,0.0,0.0,0.0,0.0,0.0,0.0,0.0,0.0,0.0,0.0,0.0
468,Saad El-Hawli,Essendon,0.0,0.0,0.0,0.0,0.0,0.0,0.0,0.0,0.0,0.0,0.0,0.0,0.0,0.0,0.0,0.0,0.0,0.0
656,Rhys Unwin,Essendon,0.0,0.0,0.0,0.0,0.0,0.0,0.0,0.0,0.0,0.0,0.0,0.0,0.0,0.0,0.0,0.0,0.0,0.0
660,Vigo Visentini,Essendon,0.0,0.0,0.0,0.0,0.0,0.0,0.0,0.0,0.0,0.0,0.0,0.0,0.0,0.0,0.0,0.0,0.0,0.0
504,Thomas Edwards,Essendon,0.0,0.0,0.0,0.0,0.0,0.0,0.0,0.0,0.0,0.0,0.0,0.0,0.0,0.0,0.0,0.0,0.0,0.0
514,Jordan Ridley,Essendon,0.0,0.0,0.0,0.0,0.0,0.0,0.0,0.0,0.0,0.0,0.0,0.0,0.0,0.0,0.0,0.0,0.0,0.0
515,Elijah Tsatas,Essendon,0.0,0.0,0.0,0.0,0.0,0.0,0.0,0.0,0.0,0.0,0.0,0.0,0.0,0.0,0.0,0.0,0.0,0.0
516,Sullivan Robey,Essendon,0.0,0.0,0.0,0.0,0.0,0.0,0.0,0.0,0.0,0.0,0.0,0.0,0.0,0.0,0.0,0.0,0.0,0.0
650,Jaxon Artemis,Essendon,0.0,0.0,0.0,0.0,0.0,0.0,0.0,0.0,0.0,0.0,0.0,0.0,0.0,0.0,0.0,0.0,0.0,0.0
558,Nik Cox,Essendon,0.0,0.0,0.0,0.0,0.0,0.0,0.0,0.0,0.0,0.0,0.0,0.0,0.0,0.0,0.0,0.0,0.0,0.0
645,Angus Clarke,Essendon,0.0,0.0,0.0,0.0,0.0,0.0,0.0,0.0,0.0,0.0,0.0,0.0,0.0,0.0,0.0,0.0,0.0,0.0
610,Harrison Jones,Essendon,0.0,0.0,0.0,0.0,0.0,0.0,0.0,0.0,0.0,0.0,0.0,0.0,0.0,0.0,0.0,0.0,0.0,0.0
283,Luke Jackson,Fremantle,17.0,17.0,19.0,17.0,18.0,17.0,16.0,17.0,17.0,17.0,18.0,17.272727272727273,0.7862453931068966,17.0,16.45,17.0,18.0,18.549999999999997
285,Caleb Serong,Fremantle,13.0,13.0,13.0,12.0,14.0,13.0,13.0,13.0,13.0,12.0,14.0,13.0,0.6324555320336759,13.0,12.0,12.59,13.41,14.0
297,Jye Amiss,Fremantle,12.0,13.0,13.0,12.0,14.0,13.0,13.0,13.0,13.0,13.0,13.0,12.909090909090908,0.5393598899705937,13.0,12.0,12.59,13.0,13.549999999999999
288,Shai Bolton,Fremantle,13.0,13.0,12.0,13.0,12.0,13.0,13.0,13.0,13.0,13.0,13.0,12.818181818181818,0.4045199174779452,13.0,12.0,12.59,13.0,13.0
302,Murphy Reid,Fremantle,11.0,11.0,11.0,13.0,11.0,11.0,11.0,11.0,11.0,12.0,11.0,11.272727272727273,0.6466697906828632,11.0,11.0,11.0,11.41,12.549999999999999
300,Andrew Brayshaw,Fremantle,11.0,11.0,11.0,11.0,10.0,12.0,12.0,11.0,11.0,11.0,11.0,11.090909090909092,0.5393598899705937,11.0,10.45,11.0,11.41,12.0
291,Josh Treacy,Fremantle,10.0,10.0,10.0,10.0,10.0,10.0,10.0,10.0,10.0,10.0,11.0,10.090909090909092,0.30151134457776363,10.0,10.0,10.0,10.0,10.549999999999999
308,Patrick Voss,Fremantle,4.0,4.0,3.0,3.0,3.0,3.0,4.0,3.0,4.0,4.0,3.0,3.4545454545454546,0.5222329678670935,3.0,3.0,3.0,4.0,4.0
304,Karl Worner,Fremantle,3.0,3.0,3.0,3.0,3.0,3.0,3.0,3.0,3.0,3.0,3.0,3.0,0.0,3.0,3.0,3.0,3.0,3.0
294,Matthew Johnson,Fremantle,2.0,3.0,2.0,2.0,2.0,2.0,2.0,2.0,2.0,2.0,2.0,2.090909090909091,0.30151134457776363,2.0,2.0,2.0,2.0,2.549999999999999
290,Jordan Clark,Fremantle,2.0,2.0,2.0,2.0,2.0,2.0,2.0,2.0,2.0,2.0,2.0,2.0,0.0,2.0,2.0,2.0,2.0,2.0
299,Oscar McDonald,Fremantle,2.0,2.0,2.0,2.0,2.0,2.0,2.0,2.0,2.0,2.0,2.0,2.0,0.0,2.0,2.0,2.0,2.0,2.0
537,Michael Frederick,Fremantle,1.0,1.0,1.0,2.0,2.0,2.0,2.0,2.0,1.0,1.0,1.0,1.4545454545454546,0.5222329678670935,1.0,1.0,1.0,2.0,2.0
442,Luke Ryan,Fremantle,1.0,1.0,1.0,1.0,1.0,1.0,1.0,1.0,1.0,1.0,1.0,1.0,0.0,1.0,1.0,1.0,1.0,1.0
301,Brandon Walker,Fremantle,0.0,0.0,0.0,0.0,0.0,0.0,0.0,0.0,0.0,0.0,0.0,0.0,0.0,0.0,0.0,0.0,0.0,0.0
287,Isaiah Dudley,Fremantle,0.0,0.0,0.0,0.0,0.0,0.0,0.0,0.0,0.0,0.0,0.0,0.0,0.0,0.0,0.0,0.0,0.0,0.0
289,Hayden Young,Fremantle,0.0,0.0,0.0,0.0,0.0,0.0,0.0,0.0,0.0,0.0,0.0,0.0,0.0,0.0,0.0,0.0,0.0,0.0
292,Nathan O'Driscoll,Fremantle,0.0,0.0,0.0,0.0,0.0,0.0,0.0,0.0,0.0,0.0,0.0,0.0,0.0,0.0,0.0,0.0,0.0,0.0
293,Judd McVee,Fremantle,0.0,0.0,0.0,0.0,0.0,0.0,0.0,0.0,0.0,0.0,0.0,0.0,0.0,0.0,0.0,0.0,0.0,0.0
296,Heath Chapman,Fremantle,0.0,0.0,0.0,0.0,0.0,0.0,0.0,0.0,0.0,0.0,0.0,0.0,0.0,0.0,0.0,0.0,0.0,0.0
298,Alex Pearce,Fremantle,0.0,0.0,0.0,0.0,0.0,0.0,0.0,0.0,0.0,0.0,0.0,0.0,0.0,0.0,0.0,0.0,0.0,0.0
303,Sam Switkowski,Fremantle,0.0,0.0,0.0,0.0,0.0,0.0,0.0,0.0,0.0,0.0,0.0,0.0,0.0,0.0,0.0,0.0,0.0,0.0
305,Sean Darcy,Fremantle,0.0,0.0,0.0,0.0,0.0,0.0,0.0,0.0,0.0,0.0,0.0,0.0,0.0,0.0,0.0,0.0,0.0,0.0
306,Corey Wagner,Fremantle,0.0,0.0,0.0,0.0,0.0,0.0,0.0,0.0,0.0,0.0,0.0,0.0,0.0,0.0,0.0,0.0,0.0,0.0
307,Neil Erasmus,Fremantle,0.0,0.0,0.0,0.0,0.0,0.0,0.0,0.0,0.0,0.0,0.0,0.0,0.0,0.0,0.0,0.0,0.0,0.0
464,Brennan Cox,Fremantle,0.0,0.0,0.0,0.0,0.0,0.0,0.0,0.0,0.0,0.0,0.0,0.0,0.0,0.0,0.0,0.0,0.0,0.0
462,Jaeger OMeara,Fremantle,0.0,0.0,0.0,0.0,0.0,0.0,0.0,0.0,0.0,0.0,0.0,0.0,0.0,0.0,0.0,0.0,0.0,0.0
443,Christopher Scerri,Fremantle,0.0,0.0,0.0,0.0,0.0,0.0,0.0,0.0,0.0,0.0,0.0,0.0,0.0,0.0,0.0,0.0,0.0,0.0
666,Bailey Banfield,Fremantle,0.0,0.0,0.0,0.0,0.0,0.0,0.0,0.0,0.0,0.0,0.0,0.0,0.0,0.0,0.0,0.0,0.0,0.0
550,Jeremy Sharp,Fremantle,0.0,0.0,0.0,0.0,0.0,0.0,0.0,0.0,0.0,0.0,0.0,0.0,0.0,0.0,0.0,0.0,0.0,0.0
536,Mason Cox,Fremantle,0.0,0.0,0.0,0.0,0.0,0.0,0.0,0.0,0.0,0.0,0.0,0.0,0.0,0.0,0.0,0.0,0.0,0.0
667,Tobyn Murray,Fremantle,0.0,0.0,0.0,0.0,0.0,0.0,0.0,0.0,0.0,0.0,0.0,0.0,0.0,0.0,0.0,0.0,0.0,0.0
78,Bailey Smith,Geelong,29.0,29.0,31.0,30.0,29.0,30.0,29.0,28.0,30.0,28.0,29.0,29.272727272727273,0.9045340337332909,29.0,28.0,28.59,30.0,30.549999999999997
51,Max Holmes,Geelong,16.0,16.0,15.0,15.0,15.0,16.0,16.0,16.0,16.0,15.0,16.0,15.636363636363637,0.504524979109513,16.0,15.0,15.0,16.0,16.0
69,Shaun Mannagh,Geelong,11.0,11.0,11.0,11.0,11.0,11.0,11.0,12.0,11.0,12.0,11.0,11.181818181818182,0.40451991747794525,11.0,11.0,11.0,11.41,12.0
54,Oliver Dempsey,Geelong,5.0,5.0,5.0,5.0,5.0,5.0,5.0,5.0,5.0,5.0,5.0,5.0,0.0,5.0,5.0,5.0,5.0,5.0
85,Shannon Neale,Geelong,5.0,5.0,5.0,5.0,5.0,5.0,5.0,5.0,5.0,5.0,5.0,5.0,0.0,5.0,5.0,5.0,5.0,5.0
295,Patrick Dangerfield,Geelong,5.0,4.0,5.0,5.0,5.0,5.0,5.0,5.0,5.0,5.0,5.0,4.909090909090909,0.30151134457776363,5.0,4.45,5.0,5.0,5.0
67,Tanner Bruhn,Geelong,4.0,4.0,4.0,3.0,4.0,3.0,4.0,4.0,4.0,4.0,4.0,3.8181818181818183,0.4045199174779452,4.0,3.0,3.59,4.0,4.0
284,Jeremy Cameron,Geelong,3.0,3.0,3.0,3.0,3.0,3.0,3.0,3.0,3.0,3.0,3.0,3.0,0.0,3.0,3.0,3.0,3.0,3.0
89,Oisin Mullin,Geelong,2.0,2.0,2.0,2.0,2.0,2.0,2.0,2.0,2.0,2.0,2.0,2.0,0.0,2.0,2.0,2.0,2.0,2.0
71,Connor O'Sullivan,Geelong,2.0,2.0,2.0,2.0,2.0,2.0,2.0,2.0,2.0,2.0,2.0,2.0,0.0,2.0,2.0,2.0,2.0,2.0
76,Lawson Humphries,Geelong,2.0,2.0,2.0,2.0,2.0,2.0,2.0,2.0,2.0,2.0,2.0,2.0,0.0,2.0,2.0,2.0,2.0,2.0
60,Gryan Miers,Geelong,1.0,1.0,1.0,1.0,1.0,1.0,1.0,1.0,1.0,1.0,1.0,1.0,0.0,1.0,1.0,1.0,1.0,1.0
68,Tom Stewart,Geelong,1.0,1.0,1.0,1.0,1.0,1.0,1.0,1.0,1.0,1.0,1.0,1.0,0.0,1.0,1.0,1.0,1.0,1.0
82,Oliver Henry,Geelong,1.0,1.0,1.0,1.0,1.0,1.0,1.0,1.0,1.0,1.0,1.0,1.0,0.0,1.0,1.0,1.0,1.0,1.0
83,Mark Blicavs,Geelong,1.0,1.0,0.0,0.0,1.0,0.0,1.0,0.0,0.0,1.0,1.0,0.5454545454545454,0.5222329678670935,1.0,0.0,0.0,1.0,1.0
52,Tom Atkins,Geelong,0.0,0.0,0.0,1.0,0.0,1.0,0.0,0.0,0.0,0.0,0.0,0.18181818181818182,0.4045199174779452,0.0,0.0,0.0,0.41000000000000014,1.0
72,James Worpel,Geelong,0.0,0.0,0.0,0.0,0.0,0.0,0.0,0.0,0.0,0.0,0.0,0.0,0.0,0.0,0.0,0.0,0.0,0.0
74,Jhye Clark,Geelong,0.0,0.0,0.0,0.0,0.0,0.0,0.0,0.0,0.0,0.0,0.0,0.0,0.0,0.0,0.0,0.0,0.0,0.0
77,Zach Guthrie,Geelong,0.0,0.0,0.0,0.0,0.0,0.0,0.0,0.0,0.0,0.0,0.0,0.0,0.0,0.0,0.0,0.0,0.0,0.0
79,Mark OConnor,Geelong,0.0,0.0,0.0,0.0,0.0,0.0,0.0,0.0,0.0,0.0,0.0,0.0,0.0,0.0,0.0,0.0,0.0,0.0
80,Jack Henry,Geelong,0.0,0.0,0.0,0.0,0.0,0.0,0.0,0.0,0.0,0.0,0.0,0.0,0.0,0.0,0.0,0.0,0.0,0.0
81,Mitch Knevitt,Geelong,0.0,0.0,0.0,0.0,0.0,0.0,0.0,0.0,0.0,0.0,0.0,0.0,0.0,0.0,0.0,0.0,0.0,0.0
84,Jack Martin,Geelong,0.0,0.0,0.0,0.0,0.0,0.0,0.0,0.0,0.0,0.0,0.0,0.0,0.0,0.0,0.0,0.0,0.0,0.0
87,Sam De Koning,Geelong,0.0,0.0,0.0,0.0,0.0,0.0,0.0,0.0,0.0,0.0,0.0,0.0,0.0,0.0,0.0,0.0,0.0,0.0
88,Brad Close,Geelong,0.0,0.0,0.0,0.0,0.0,0.0,0.0,0.0,0.0,0.0,0.0,0.0,0.0,0.0,0.0,0.0,0.0,0.0
286,Mitchell Edwards,Geelong,0.0,0.0,0.0,0.0,0.0,0.0,0.0,0.0,0.0,0.0,0.0,0.0,0.0,0.0,0.0,0.0,0.0,0.0
507,Jack Bowes,Geelong,0.0,0.0,0.0,0.0,0.0,0.0,0.0,0.0,0.0,0.0,0.0,0.0,0.0,0.0,0.0,0.0,0.0,0.0
451,Oliver Wiltshire,Geelong,0.0,0.0,0.0,0.0,0.0,0.0,0.0,0.0,0.0,0.0,0.0,0.0,0.0,0.0,0.0,0.0,0.0,0.0
570,Rhys Stanley,Geelong,0.0,0.0,0.0,0.0,0.0,0.0,0.0,0.0,0.0,0.0,0.0,0.0,0.0,0.0,0.0,0.0,0.0,0.0
521,Jake Kolodjashnij,Geelong,0.0,0.0,0.0,0.0,0.0,0.0,0.0,0.0,0.0,0.0,0.0,0.0,0.0,0.0,0.0,0.0,0.0,0.0
646,Jay Polkinghorne,Geelong,0.0,0.0,0.0,0.0,0.0,0.0,0.0,0.0,0.0,0.0,0.0,0.0,0.0,0.0,0.0,0.0,0.0,0.0
614,George Stevens,Geelong,0.0,0.0,0.0,0.0,0.0,0.0,0.0,0.0,0.0,0.0,0.0,0.0,0.0,0.0,0.0,0.0,0.0,0.0
503,Matt Rowell,Gold Coast,12.0,12.0,13.0,11.0,12.0,11.0,12.0,12.0,12.0,12.0,12.0,11.909090909090908,0.5393598899705937,12.0,11.0,11.59,12.0,12.549999999999999
46,Christian Petracca,Gold Coast,11.0,11.0,11.0,11.0,11.0,11.0,11.0,11.0,11.0,11.0,11.0,11.0,0.0,11.0,11.0,11.0,11.0,11.0
50,Noah Anderson,Gold Coast,10.0,11.0,10.0,9.0,9.0,11.0,9.0,9.0,10.0,10.0,9.0,9.727272727272727,0.7862453931068966,10.0,9.0,9.0,10.41,11.0
48,Touk Miller,Gold Coast,7.0,8.0,7.0,9.0,8.0,9.0,8.0,8.0,8.0,9.0,8.0,8.090909090909092,0.7006490497453707,8.0,7.0,7.59,9.0,9.0
49,John Noble,Gold Coast,8.0,8.0,8.0,8.0,8.0,8.0,8.0,8.0,8.0,8.0,8.0,8.0,0.0,8.0,8.0,8.0,8.0,8.0
75,Bodhi Uwland,Gold Coast,3.0,4.0,5.0,3.0,4.0,5.0,3.0,4.0,4.0,4.0,4.0,3.909090909090909,0.7006490497453707,4.0,3.0,3.0,4.41,5.0
57,Ben King,Gold Coast,3.0,3.0,3.0,3.0,3.0,3.0,3.0,3.0,3.0,2.0,3.0,2.909090909090909,0.30151134457776363,3.0,2.45,3.0,3.0,3.0
47,Bailey Humphrey,Gold Coast,2.0,2.0,2.0,2.0,2.0,2.0,2.0,2.0,2.0,2.0,2.0,2.0,0.0,2.0,2.0,2.0,2.0,2.0
65,Zeke Uwland,Gold Coast,1.0,2.0,2.0,2.0,2.0,1.0,2.0,2.0,2.0,2.0,2.0,1.8181818181818181,0.40451991747794525,2.0,1.0,1.59,2.0,2.0
55,Daniel Rioli,Gold Coast,2.0,2.0,2.0,2.0,2.0,0.0,2.0,2.0,2.0,1.0,2.0,1.7272727272727273,0.6466697906828633,2.0,0.44999999999999996,1.59,2.0,2.0
61,Jarrod Witts,Gold Coast,2.0,1.0,2.0,2.0,2.0,2.0,2.0,2.0,1.0,1.0,2.0,1.7272727272727273,0.46709936649691375,2.0,1.0,1.0,2.0,2.0
64,Ben Long,Gold Coast,1.0,1.0,1.0,1.0,1.0,1.0,1.0,1.0,1.0,1.0,1.0,1.0,0.0,1.0,1.0,1.0,1.0,1.0
561,Ned Moyle,Gold Coast,1.0,1.0,1.0,1.0,0.0,1.0,1.0,1.0,1.0,1.0,1.0,0.9090909090909091,0.30151134457776363,1.0,0.44999999999999996,1.0,1.0,1.0
59,Mac Andrew,Gold Coast,0.0,0.0,0.0,0.0,1.0,0.0,0.0,0.0,0.0,0.0,0.0,0.09090909090909091,0.3015113445777636,0.0,0.0,0.0,0.0,0.5499999999999989
62,Joel Jeffrey,Gold Coast,0.0,0.0,0.0,0.0,0.0,0.0,0.0,0.0,0.0,0.0,0.0,0.0,0.0,0.0,0.0,0.0,0.0,0.0
58,Wil Powell,Gold Coast,0.0,0.0,0.0,0.0,0.0,0.0,0.0,0.0,0.0,0.0,0.0,0.0,0.0,0.0,0.0,0.0,0.0,0.0
63,Lachie Weller,Gold Coast,0.0,0.0,0.0,0.0,0.0,0.0,0.0,0.0,0.0,0.0,0.0,0.0,0.0,0.0,0.0,0.0,0.0,0.0
66,Sam Clohesy,Gold Coast,0.0,0.0,0.0,0.0,0.0,0.0,0.0,0.0,0.0,0.0,0.0,0.0,0.0,0.0,0.0,0.0,0.0,0.0
90,Will Graham,Gold Coast,0.0,0.0,0.0,0.0,0.0,0.0,0.0,0.0,0.0,0.0,0.0,0.0,0.0,0.0,0.0,0.0,0.0,0.0
70,Leonardo Lombard,Gold Coast,0.0,0.0,0.0,0.0,0.0,0.0,0.0,0.0,0.0,0.0,0.0,0.0,0.0,0.0,0.0,0.0,0.0,0.0
73,Oscar Adams,Gold Coast,0.0,0.0,0.0,0.0,0.0,0.0,0.0,0.0,0.0,0.0,0.0,0.0,0.0,0.0,0.0,0.0,0.0,0.0
86,Jy Farrar,Gold Coast,0.0,0.0,0.0,0.0,0.0,0.0,0.0,0.0,0.0,0.0,0.0,0.0,0.0,0.0,0.0,0.0,0.0,0.0
91,Ethan Read,Gold Coast,0.0,0.0,0.0,0.0,0.0,0.0,0.0,0.0,0.0,0.0,0.0,0.0,0.0,0.0,0.0,0.0,0.0,0.0
53,Sam Collins,Gold Coast,0.0,0.0,0.0,0.0,0.0,0.0,0.0,0.0,0.0,0.0,0.0,0.0,0.0,0.0,0.0,0.0,0.0,0.0
56,Alex Davies,Gold Coast,0.0,0.0,0.0,0.0,0.0,0.0,0.0,0.0,0.0,0.0,0.0,0.0,0.0,0.0,0.0,0.0,0.0,0.0
408,Jake Rogers,Gold Coast,0.0,0.0,0.0,0.0,0.0,0.0,0.0,0.0,0.0,0.0,0.0,0.0,0.0,0.0,0.0,0.0,0.0,0.0
435,Charlie Ballard,Gold Coast,0.0,0.0,0.0,0.0,0.0,0.0,0.0,0.0,0.0,0.0,0.0,0.0,0.0,0.0,0.0,0.0,0.0,0.0
500,Lachlan Gulbin,Gold Coast,0.0,0.0,0.0,0.0,0.0,0.0,0.0,0.0,0.0,0.0,0.0,0.0,0.0,0.0,0.0,0.0,0.0,0.0
502,Jed Walter,Gold Coast,0.0,0.0,0.0,0.0,0.0,0.0,0.0,0.0,0.0,0.0,0.0,0.0,0.0,0.0,0.0,0.0,0.0,0.0
569,Ben Jepson,Gold Coast,0.0,0.0,0.0,0.0,0.0,0.0,0.0,0.0,0.0,0.0,0.0,0.0,0.0,0.0,0.0,0.0,0.0,0.0
651,Caleb Lewis,Gold Coast,0.0,0.0,0.0,0.0,0.0,0.0,0.0,0.0,0.0,0.0,0.0,0.0,0.0,0.0,0.0,0.0,0.0,0.0
549,Jamarra Ugle-Hagan,Gold Coast,0.0,0.0,0.0,0.0,0.0,0.0,0.0,0.0,0.0,0.0,0.0,0.0,0.0,0.0,0.0,0.0,0.0,0.0
638,Dylan Patterson,Gold Coast,0.0,0.0,0.0,0.0,0.0,0.0,0.0,0.0,0.0,0.0,0.0,0.0,0.0,0.0,0.0,0.0,0.0,0.0
625,Beau Addinsall,Gold Coast,0.0,0.0,0.0,0.0,0.0,0.0,0.0,0.0,0.0,0.0,0.0,0.0,0.0,0.0,0.0,0.0,0.0,0.0
605,Jai Murray,Gold Coast,0.0,0.0,0.0,0.0,0.0,0.0,0.0,0.0,0.0,0.0,0.0,0.0,0.0,0.0,0.0,0.0,0.0,0.0
577,Nick Holman,Gold Coast,0.0,0.0,0.0,0.0,0.0,0.0,0.0,0.0,0.0,0.0,0.0,0.0,0.0,0.0,0.0,0.0,0.0,0.0
93,Clayton Oliver,Greater Western Sydney,14.0,14.0,13.0,14.0,13.0,14.0,14.0,14.0,14.0,14.0,13.0,13.727272727272727,0.46709936649691375,14.0,13.0,13.0,14.0,14.0
94,Finn Callaghan,Greater Western Sydney,9.0,9.0,8.0,9.0,8.0,8.0,9.0,8.0,8.0,9.0,8.0,8.454545454545455,0.5222329678670935,8.0,8.0,8.0,9.0,9.0
99,Toby Greene,Greater Western Sydney,8.0,8.0,8.0,8.0,8.0,8.0,8.0,8.0,8.0,8.0,8.0,8.0,0.0,8.0,8.0,8.0,8.0,8.0
101,Lachie Ash,Greater Western Sydney,8.0,8.0,8.0,8.0,8.0,8.0,8.0,8.0,8.0,8.0,8.0,8.0,0.0,8.0,8.0,8.0,8.0,8.0
96,Lachie Whitfield,Greater Western Sydney,7.0,7.0,7.0,7.0,7.0,7.0,7.0,7.0,7.0,7.0,7.0,7.0,0.0,7.0,7.0,7.0,7.0,7.0
92,Jake Stringer,Greater Western Sydney,6.0,6.0,6.0,6.0,6.0,6.0,6.0,6.0,6.0,6.0,6.0,6.0,0.0,6.0,6.0,6.0,6.0,6.0
123,Phoenix Gothard,Greater Western Sydney,2.0,2.0,2.0,2.0,2.0,2.0,2.0,2.0,2.0,2.0,2.0,2.0,0.0,2.0,2.0,2.0,2.0,2.0
95,Stephen Coniglio,Greater Western Sydney,1.0,2.0,1.0,1.0,2.0,1.0,1.0,2.0,2.0,1.0,2.0,1.4545454545454546,0.5222329678670935,1.0,1.0,1.0,2.0,2.0
113,Connor Idun,Greater Western Sydney,1.0,1.0,1.0,1.0,1.0,1.0,1.0,1.0,1.0,1.0,1.0,1.0,0.0,1.0,1.0,1.0,1.0,1.0
117,Jack Buckley,Greater Western Sydney,0.0,0.0,0.0,0.0,0.0,0.0,0.0,0.0,0.0,0.0,0.0,0.0,0.0,0.0,0.0,0.0,0.0,0.0
114,Max Gruzewski,Greater Western Sydney,0.0,0.0,0.0,0.0,0.0,0.0,0.0,0.0,0.0,0.0,0.0,0.0,0.0,0.0,0.0,0.0,0.0,0.0
97,Joe Fonti,Greater Western Sydney,0.0,0.0,0.0,0.0,0.0,0.0,0.0,0.0,0.0,0.0,0.0,0.0,0.0,0.0,0.0,0.0,0.0,0.0
98,Jake Riccardi,Greater Western Sydney,0.0,0.0,0.0,0.0,0.0,0.0,0.0,0.0,0.0,0.0,0.0,0.0,0.0,0.0,0.0,0.0,0.0,0.0
102,Harvey Thomas,Greater Western Sydney,0.0,0.0,0.0,0.0,0.0,0.0,0.0,0.0,0.0,0.0,0.0,0.0,0.0,0.0,0.0,0.0,0.0,0.0
107,Harry Himmelberg,Greater Western Sydney,0.0,0.0,0.0,0.0,0.0,0.0,0.0,0.0,0.0,0.0,0.0,0.0,0.0,0.0,0.0,0.0,0.0,0.0
109,Kieren Briggs,Greater Western Sydney,0.0,0.0,0.0,0.0,0.0,0.0,0.0,0.0,0.0,0.0,0.0,0.0,0.0,0.0,0.0,0.0,0.0,0.0
110,Jesse Hogan,Greater Western Sydney,0.0,0.0,0.0,0.0,0.0,0.0,0.0,0.0,0.0,0.0,0.0,0.0,0.0,0.0,0.0,0.0,0.0,0.0
111,Harry Rowston,Greater Western Sydney,0.0,0.0,0.0,0.0,0.0,0.0,0.0,0.0,0.0,0.0,0.0,0.0,0.0,0.0,0.0,0.0,0.0,0.0
112,Jayden Laverde,Greater Western Sydney,0.0,0.0,0.0,0.0,0.0,0.0,0.0,0.0,0.0,0.0,0.0,0.0,0.0,0.0,0.0,0.0,0.0,0.0
129,Ryan Angwin,Greater Western Sydney,0.0,0.0,0.0,0.0,0.0,0.0,0.0,0.0,0.0,0.0,0.0,0.0,0.0,0.0,0.0,0.0,0.0,0.0
131,Callum Brown,Greater Western Sydney,0.0,0.0,0.0,0.0,0.0,0.0,0.0,0.0,0.0,0.0,0.0,0.0,0.0,0.0,0.0,0.0,0.0,0.0
132,Josaia Delana,Greater Western Sydney,0.0,0.0,0.0,0.0,0.0,0.0,0.0,0.0,0.0,0.0,0.0,0.0,0.0,0.0,0.0,0.0,0.0,0.0
133,Xavier O'Halloran,Greater Western Sydney,0.0,0.0,0.0,0.0,0.0,0.0,0.0,0.0,0.0,0.0,0.0,0.0,0.0,0.0,0.0,0.0,0.0,0.0
664,Cody Angove,Greater Western Sydney,0.0,0.0,0.0,0.0,0.0,0.0,0.0,0.0,0.0,0.0,0.0,0.0,0.0,0.0,0.0,0.0,0.0,0.0
600,Sam Taylor,Greater Western Sydney,0.0,0.0,0.0,0.0,0.0,0.0,0.0,0.0,0.0,0.0,0.0,0.0,0.0,0.0,0.0,0.0,0.0,0.0
592,Conor Stone,Greater Western Sydney,0.0,0.0,0.0,0.0,0.0,0.0,0.0,0.0,0.0,0.0,0.0,0.0,0.0,0.0,0.0,0.0,0.0,0.0
457,James Leake,Greater Western Sydney,0.0,0.0,0.0,0.0,0.0,0.0,0.0,0.0,0.0,0.0,0.0,0.0,0.0,0.0,0.0,0.0,0.0,0.0
459,Oliver Hannaford,Greater Western Sydney,0.0,0.0,0.0,0.0,0.0,0.0,0.0,0.0,0.0,0.0,0.0,0.0,0.0,0.0,0.0,0.0,0.0,0.0
585,Harrison Oliver,Greater Western Sydney,0.0,0.0,0.0,0.0,0.0,0.0,0.0,0.0,0.0,0.0,0.0,0.0,0.0,0.0,0.0,0.0,0.0,0.0
524,Nicholas Madden,Greater Western Sydney,0.0,0.0,0.0,0.0,0.0,0.0,0.0,0.0,0.0,0.0,0.0,0.0,0.0,0.0,0.0,0.0,0.0,0.0
523,Aaron Cadman,Greater Western Sydney,0.0,0.0,0.0,0.0,0.0,0.0,0.0,0.0,0.0,0.0,0.0,0.0,0.0,0.0,0.0,0.0,0.0,0.0
525,Brent Daniels,Greater Western Sydney,0.0,0.0,0.0,0.0,0.0,0.0,0.0,0.0,0.0,0.0,0.0,0.0,0.0,0.0,0.0,0.0,0.0,0.0
526,Toby Bedford,Greater Western Sydney,0.0,0.0,0.0,0.0,0.0,0.0,0.0,0.0,0.0,0.0,0.0,0.0,0.0,0.0,0.0,0.0,0.0,0.0
635,Jack Ough,Greater Western Sydney,0.0,0.0,0.0,0.0,0.0,0.0,0.0,0.0,0.0,0.0,0.0,0.0,0.0,0.0,0.0,0.0,0.0,0.0
636,Riley Hamilton,Greater Western Sydney,0.0,0.0,0.0,0.0,0.0,0.0,0.0,0.0,0.0,0.0,0.0,0.0,0.0,0.0,0.0,0.0,0.0,0.0
529,Leek Aleer,Greater Western Sydney,0.0,0.0,0.0,0.0,0.0,0.0,0.0,0.0,0.0,0.0,0.0,0.0,0.0,0.0,0.0,0.0,0.0,0.0
530,Toby McMullin,Greater Western Sydney,0.0,0.0,0.0,0.0,0.0,0.0,0.0,0.0,0.0,0.0,0.0,0.0,0.0,0.0,0.0,0.0,0.0,0.0
103,Jai Newcombe,Hawthorn,21.0,20.0,20.0,21.0,21.0,20.0,21.0,21.0,21.0,21.0,21.0,20.727272727272727,0.46709936649691375,21.0,20.0,20.0,21.0,21.0
126,Jarman Impey,Hawthorn,10.0,10.0,10.0,10.0,10.0,10.0,10.0,10.0,10.0,11.0,10.0,10.090909090909092,0.30151134457776363,10.0,10.0,10.0,10.0,10.549999999999999
105,Jack Gunston,Hawthorn,10.0,10.0,10.0,10.0,10.0,10.0,10.0,10.0,10.0,10.0,10.0,10.0,0.0,10.0,10.0,10.0,10.0,10.0
104,Connor Macdonald,Hawthorn,9.0,9.0,9.0,9.0,9.0,9.0,10.0,9.0,9.0,9.0,9.0,9.090909090909092,0.30151134457776363,9.0,9.0,9.0,9.0,9.549999999999999
115,Nick Watson,Hawthorn,7.0,7.0,7.0,7.0,7.0,7.0,7.0,7.0,7.0,7.0,7.0,7.0,0.0,7.0,7.0,7.0,7.0,7.0
106,Jack Ginnivan,Hawthorn,4.0,5.0,5.0,4.0,4.0,5.0,5.0,4.0,5.0,4.0,5.0,4.545454545454546,0.5222329678670935,5.0,4.0,4.0,5.0,5.0
258,Cam Mackenzie,Hawthorn,4.0,4.0,4.0,4.0,4.0,4.0,4.0,4.0,4.0,4.0,4.0,4.0,0.0,4.0,4.0,4.0,4.0,4.0
595,Will Day,Hawthorn,4.0,4.0,4.0,4.0,4.0,4.0,3.0,4.0,4.0,4.0,4.0,3.909090909090909,0.30151134457776363,4.0,3.45,4.0,4.0,4.0
100,James Sicily,Hawthorn,3.0,4.0,4.0,4.0,4.0,4.0,4.0,4.0,4.0,4.0,4.0,3.909090909090909,0.30151134457776363,4.0,3.45,4.0,4.0,4.0
120,Josh Ward,Hawthorn,3.0,3.0,3.0,3.0,3.0,4.0,3.0,3.0,3.0,3.0,3.0,3.090909090909091,0.30151134457776363,3.0,3.0,3.0,3.0,3.549999999999999
118,Blake Hardwick,Hawthorn,3.0,3.0,3.0,3.0,3.0,3.0,3.0,3.0,3.0,3.0,3.0,3.0,0.0,3.0,3.0,3.0,3.0,3.0
116,Lloyd Meek,Hawthorn,3.0,2.0,2.0,3.0,3.0,2.0,2.0,3.0,2.0,3.0,2.0,2.4545454545454546,0.5222329678670935,2.0,2.0,2.0,3.0,3.0
135,Mitch Lewis,Hawthorn,2.0,2.0,2.0,2.0,2.0,2.0,2.0,2.0,2.0,2.0,2.0,2.0,0.0,2.0,2.0,2.0,2.0,2.0
127,Dylan Moore,Hawthorn,1.0,1.0,1.0,3.0,1.0,1.0,3.0,2.0,1.0,1.0,1.0,1.4545454545454546,0.8201995322647243,1.0,1.0,1.0,2.41,3.0
108,Josh Battle,Hawthorn,1.0,1.0,1.0,1.0,1.0,1.0,1.0,1.0,1.0,1.0,1.0,1.0,0.0,1.0,1.0,1.0,1.0,1.0
137,Karl Amon,Hawthorn,1.0,1.0,1.0,1.0,1.0,0.0,1.0,1.0,1.0,0.0,1.0,0.8181818181818182,0.40451991747794525,1.0,0.0,0.5900000000000001,1.0,1.0
130,Conor Nash,Hawthorn,1.0,0.0,0.0,0.0,0.0,0.0,0.0,0.0,0.0,0.0,0.0,0.09090909090909091,0.3015113445777636,0.0,0.0,0.0,0.0,0.5499999999999989
121,Sam Butler,Hawthorn,0.0,0.0,0.0,0.0,0.0,0.0,0.0,0.0,0.0,0.0,0.0,0.0,0.0,0.0,0.0,0.0,0.0,0.0
119,Mabior Chol,Hawthorn,0.0,0.0,0.0,0.0,0.0,0.0,0.0,0.0,0.0,0.0,0.0,0.0,0.0,0.0,0.0,0.0,0.0,0.0
128,Josh Weddle,Hawthorn,0.0,0.0,0.0,0.0,0.0,0.0,0.0,0.0,0.0,0.0,0.0,0.0,0.0,0.0,0.0,0.0,0.0,0.0
134,Harry Morrison,Hawthorn,0.0,0.0,0.0,0.0,0.0,0.0,0.0,0.0,0.0,0.0,0.0,0.0,0.0,0.0,0.0,0.0,0.0,0.0
136,Finn Maginness,Hawthorn,0.0,0.0,0.0,0.0,0.0,0.0,0.0,0.0,0.0,0.0,0.0,0.0,0.0,0.0,0.0,0.0,0.0,0.0
124,Tom Barrass,Hawthorn,0.0,0.0,0.0,0.0,0.0,0.0,0.0,0.0,0.0,0.0,0.0,0.0,0.0,0.0,0.0,0.0,0.0,0.0
122,Jack Scrimshaw,Hawthorn,0.0,0.0,0.0,0.0,0.0,0.0,0.0,0.0,0.0,0.0,0.0,0.0,0.0,0.0,0.0,0.0,0.0,0.0
125,Massimo DAmbrosio,Hawthorn,0.0,0.0,0.0,0.0,0.0,0.0,0.0,0.0,0.0,0.0,0.0,0.0,0.0,0.0,0.0,0.0,0.0,0.0
257,Ned Reeves,Hawthorn,0.0,0.0,0.0,0.0,0.0,0.0,0.0,0.0,0.0,0.0,0.0,0.0,0.0,0.0,0.0,0.0,0.0,0.0
665,Max Beattie,Hawthorn,0.0,0.0,0.0,0.0,0.0,0.0,0.0,0.0,0.0,0.0,0.0,0.0,0.0,0.0,0.0,0.0,0.0,0.0
587,Bailey Macdonald,Hawthorn,0.0,0.0,0.0,0.0,0.0,0.0,0.0,0.0,0.0,0.0,0.0,0.0,0.0,0.0,0.0,0.0,0.0,0.0
588,Cameron Nairn,Hawthorn,0.0,0.0,0.0,0.0,0.0,0.0,0.0,0.0,0.0,0.0,0.0,0.0,0.0,0.0,0.0,0.0,0.0,0.0
509,Jack Dalton,Hawthorn,0.0,0.0,0.0,0.0,0.0,0.0,0.0,0.0,0.0,0.0,0.0,0.0,0.0,0.0,0.0,0.0,0.0,0.0
508,Flynn Perez,Hawthorn,0.0,0.0,0.0,0.0,0.0,0.0,0.0,0.0,0.0,0.0,0.0,0.0,0.0,0.0,0.0,0.0,0.0,0.0
653,Aidan Schubert,Hawthorn,0.0,0.0,0.0,0.0,0.0,0.0,0.0,0.0,0.0,0.0,0.0,0.0,0.0,0.0,0.0,0.0,0.0,0.0
563,Max Ramsden,Hawthorn,0.0,0.0,0.0,0.0,0.0,0.0,0.0,0.0,0.0,0.0,0.0,0.0,0.0,0.0,0.0,0.0,0.0,0.0
562,Bodie Ryan,Hawthorn,0.0,0.0,0.0,0.0,0.0,0.0,0.0,0.0,0.0,0.0,0.0,0.0,0.0,0.0,0.0,0.0,0.0,0.0
633,Noah Mraz,Hawthorn,0.0,0.0,0.0,0.0,0.0,0.0,0.0,0.0,0.0,0.0,0.0,0.0,0.0,0.0,0.0,0.0,0.0,0.0
634,Matt Hill,Hawthorn,0.0,0.0,0.0,0.0,0.0,0.0,0.0,0.0,0.0,0.0,0.0,0.0,0.0,0.0,0.0,0.0,0.0,0.0
580,Henry Hustwaite,Hawthorn,0.0,0.0,0.0,0.0,0.0,0.0,0.0,0.0,0.0,0.0,0.0,0.0,0.0,0.0,0.0,0.0,0.0,0.0
641,Oliver Greeves,Hawthorn,0.0,0.0,0.0,0.0,0.0,0.0,0.0,0.0,0.0,0.0,0.0,0.0,0.0,0.0,0.0,0.0,0.0,0.0
531,Calsher Dear,Hawthorn,0.0,0.0,0.0,0.0,0.0,0.0,0.0,0.0,0.0,0.0,0.0,0.0,0.0,0.0,0.0,0.0,0.0,0.0
532,William McCabe,Hawthorn,0.0,0.0,0.0,0.0,0.0,0.0,0.0,0.0,0.0,0.0,0.0,0.0,0.0,0.0,0.0,0.0,0.0,0.0
384,Max Gawn,Melbourne,23.0,23.0,23.0,22.0,23.0,23.0,21.0,22.0,23.0,23.0,23.0,22.636363636363637,0.674199862463242,23.0,21.45,22.0,23.0,23.0
386,Kysaiah Pickett,Melbourne,18.0,18.0,18.0,18.0,18.0,18.0,18.0,18.0,18.0,18.0,18.0,18.0,0.0,18.0,18.0,18.0,18.0,18.0
383,Jacob van Rooyen,Melbourne,12.0,12.0,12.0,12.0,12.0,12.0,12.0,12.0,12.0,12.0,12.0,12.0,0.0,12.0,12.0,12.0,12.0,12.0
404,Tom Sparrow,Melbourne,11.0,11.0,10.0,11.0,11.0,11.0,11.0,11.0,11.0,11.0,11.0,10.909090909090908,0.30151134457776363,11.0,10.45,11.0,11.0,11.0
400,Kade Chandler,Melbourne,7.0,7.0,7.0,7.0,7.0,7.0,7.0,7.0,7.0,7.0,7.0,7.0,0.0,7.0,7.0,7.0,7.0,7.0
402,Harvey Langford,Melbourne,3.0,3.0,3.0,3.0,3.0,3.0,3.0,3.0,3.0,3.0,3.0,3.0,0.0,3.0,3.0,3.0,3.0,3.0
571,Jake Bowey,Melbourne,2.0,3.0,3.0,2.0,2.0,3.0,2.0,3.0,2.0,3.0,3.0,2.5454545454545454,0.5222329678670935,3.0,2.0,2.0,3.0,3.0
395,Bayley Fritsch,Melbourne,2.0,2.0,2.0,2.0,2.0,2.0,2.0,3.0,2.0,2.0,2.0,2.090909090909091,0.30151134457776363,2.0,2.0,2.0,2.0,2.549999999999999
405,Ed Langdon,Melbourne,2.0,2.0,2.0,2.0,2.0,2.0,2.0,2.0,2.0,2.0,2.0,2.0,0.0,2.0,2.0,2.0,2.0,2.0
396,Harry Petty,Melbourne,2.0,2.0,2.0,2.0,2.0,2.0,2.0,2.0,2.0,2.0,2.0,2.0,0.0,2.0,2.0,2.0,2.0,2.0
385,Jack Steele,Melbourne,2.0,2.0,2.0,2.0,2.0,2.0,2.0,2.0,2.0,2.0,2.0,2.0,0.0,2.0,2.0,2.0,2.0,2.0
615,Joel Fitzgerald,Melbourne,1.0,1.0,1.0,1.0,1.0,1.0,1.0,1.0,1.0,1.0,1.0,1.0,0.0,1.0,1.0,1.0,1.0,1.0
387,Caleb Windsor,Melbourne,1.0,1.0,1.0,1.0,1.0,1.0,1.0,1.0,1.0,1.0,1.0,1.0,0.0,1.0,1.0,1.0,1.0,1.0
398,Daniel Turner,Melbourne,1.0,1.0,1.0,0.0,1.0,1.0,1.0,0.0,1.0,1.0,1.0,0.8181818181818182,0.40451991747794525,1.0,0.0,0.5900000000000001,1.0,1.0
388,Harry Sharp,Melbourne,0.0,0.0,1.0,0.0,0.0,0.0,0.0,0.0,0.0,0.0,0.0,0.09090909090909091,0.3015113445777636,0.0,0.0,0.0,0.0,0.5499999999999989
390,Brody Mihocek,Melbourne,0.0,0.0,0.0,0.0,0.0,0.0,0.0,0.0,0.0,0.0,0.0,0.0,0.0,0.0,0.0,0.0,0.0,0.0
389,Christian Salem,Melbourne,0.0,0.0,0.0,0.0,0.0,0.0,0.0,0.0,0.0,0.0,0.0,0.0,0.0,0.0,0.0,0.0,0.0,0.0
392,Koltyn Tholstrup,Melbourne,0.0,0.0,0.0,0.0,0.0,0.0,0.0,0.0,0.0,0.0,0.0,0.0,0.0,0.0,0.0,0.0,0.0,0.0
391,Changkuoth Jiath,Melbourne,0.0,0.0,0.0,0.0,0.0,0.0,0.0,0.0,0.0,0.0,0.0,0.0,0.0,0.0,0.0,0.0,0.0,0.0
393,Jai Culley,Melbourne,0.0,0.0,0.0,0.0,0.0,0.0,0.0,0.0,0.0,0.0,0.0,0.0,0.0,0.0,0.0,0.0,0.0,0.0
394,Latrelle Pickett,Melbourne,0.0,0.0,0.0,0.0,0.0,0.0,0.0,0.0,0.0,0.0,0.0,0.0,0.0,0.0,0.0,0.0,0.0,0.0
397,Xavier Lindsay,Melbourne,0.0,0.0,0.0,0.0,0.0,0.0,0.0,0.0,0.0,0.0,0.0,0.0,0.0,0.0,0.0,0.0,0.0,0.0
399,Blake Howes,Melbourne,0.0,0.0,0.0,0.0,0.0,0.0,0.0,0.0,0.0,0.0,0.0,0.0,0.0,0.0,0.0,0.0,0.0,0.0
401,Trent Rivers,Melbourne,0.0,0.0,0.0,0.0,0.0,0.0,0.0,0.0,0.0,0.0,0.0,0.0,0.0,0.0,0.0,0.0,0.0,0.0
403,Jake Lever,Melbourne,0.0,0.0,0.0,0.0,0.0,0.0,0.0,0.0,0.0,0.0,0.0,0.0,0.0,0.0,0.0,0.0,0.0,0.0
477,Tom McDonald,Melbourne,0.0,0.0,0.0,0.0,0.0,0.0,0.0,0.0,0.0,0.0,0.0,0.0,0.0,0.0,0.0,0.0,0.0,0.0
479,Paddy Cross,Melbourne,0.0,0.0,0.0,0.0,0.0,0.0,0.0,0.0,0.0,0.0,0.0,0.0,0.0,0.0,0.0,0.0,0.0,0.0
644,Aidan Johnson,Melbourne,0.0,0.0,0.0,0.0,0.0,0.0,0.0,0.0,0.0,0.0,0.0,0.0,0.0,0.0,0.0,0.0,0.0,0.0
501,Bailey Laurie,Melbourne,0.0,0.0,0.0,0.0,0.0,0.0,0.0,0.0,0.0,0.0,0.0,0.0,0.0,0.0,0.0,0.0,0.0,0.0
499,Jake Melksham,Melbourne,0.0,0.0,0.0,0.0,0.0,0.0,0.0,0.0,0.0,0.0,0.0,0.0,0.0,0.0,0.0,0.0,0.0,0.0
572,Andy Moniz-Wakefield,Melbourne,0.0,0.0,0.0,0.0,0.0,0.0,0.0,0.0,0.0,0.0,0.0,0.0,0.0,0.0,0.0,0.0,0.0,0.0
540,Max Heath,Melbourne,0.0,0.0,0.0,0.0,0.0,0.0,0.0,0.0,0.0,0.0,0.0,0.0,0.0,0.0,0.0,0.0,0.0,0.0
539,Matthew Jefferson,Melbourne,0.0,0.0,0.0,0.0,0.0,0.0,0.0,0.0,0.0,0.0,0.0,0.0,0.0,0.0,0.0,0.0,0.0,0.0
538,Xavier Taylor,Melbourne,0.0,0.0,0.0,0.0,0.0,0.0,0.0,0.0,0.0,0.0,0.0,0.0,0.0,0.0,0.0,0.0,0.0,0.0
611,Luker Kentfield,Melbourne,0.0,0.0,0.0,0.0,0.0,0.0,0.0,0.0,0.0,0.0,0.0,0.0,0.0,0.0,0.0,0.0,0.0,0.0
616,Lukas Cooke,Melbourne,0.0,0.0,0.0,0.0,0.0,0.0,0.0,0.0,0.0,0.0,0.0,0.0,0.0,0.0,0.0,0.0,0.0,0.0
339,Harry Sheezel,North Melbourne,19.0,20.0,20.0,20.0,19.0,19.0,20.0,18.0,20.0,18.0,18.0,19.181818181818183,0.873862897505303,19.0,18.0,18.0,20.0,20.0
342,Luke Davies-Uniacke,North Melbourne,15.0,15.0,15.0,15.0,15.0,15.0,15.0,15.0,15.0,15.0,15.0,15.0,0.0,15.0,15.0,15.0,15.0,15.0
345,Caleb Daniel,North Melbourne,8.0,8.0,8.0,8.0,8.0,8.0,8.0,8.0,8.0,8.0,8.0,8.0,0.0,8.0,8.0,8.0,8.0,8.0
341,Tristan Xerri,North Melbourne,7.0,7.0,8.0,8.0,8.0,8.0,8.0,7.0,7.0,8.0,7.0,7.545454545454546,0.5222329678670935,8.0,7.0,7.0,8.0,8.0
355,Paul Curtis,North Melbourne,4.0,4.0,4.0,4.0,4.0,4.0,4.0,4.0,4.0,4.0,4.0,4.0,0.0,4.0,4.0,4.0,4.0,4.0
349,Cooper Trembath,North Melbourne,4.0,4.0,4.0,4.0,4.0,4.0,4.0,4.0,4.0,4.0,4.0,4.0,0.0,4.0,4.0,4.0,4.0,4.0
337,Charlie Comben,North Melbourne,3.0,3.0,3.0,3.0,3.0,3.0,3.0,3.0,3.0,3.0,3.0,3.0,0.0,3.0,3.0,3.0,3.0,3.0
351,Jy Simpkin,North Melbourne,3.0,3.0,3.0,3.0,2.0,3.0,3.0,3.0,3.0,3.0,3.0,2.909090909090909,0.30151134457776363,3.0,2.45,3.0,3.0,3.0
343,Nick Larkey,North Melbourne,2.0,2.0,2.0,2.0,2.0,2.0,2.0,2.0,2.0,2.0,2.0,2.0,0.0,2.0,2.0,2.0,2.0,2.0
347,Finn O'Sullivan,North Melbourne,2.0,2.0,2.0,2.0,2.0,2.0,2.0,2.0,2.0,2.0,2.0,2.0,0.0,2.0,2.0,2.0,2.0,2.0
348,Jack Darling,North Melbourne,2.0,2.0,2.0,2.0,2.0,2.0,2.0,2.0,2.0,2.0,2.0,2.0,0.0,2.0,2.0,2.0,2.0,2.0
338,Dylan Stephens,North Melbourne,2.0,1.0,2.0,1.0,2.0,2.0,2.0,2.0,2.0,2.0,2.0,1.8181818181818181,0.40451991747794525,2.0,1.0,1.59,2.0,2.0
358,Colby McKercher,North Melbourne,1.0,1.0,1.0,1.0,1.0,1.0,1.0,1.0,1.0,1.0,1.0,1.0,0.0,1.0,1.0,1.0,1.0,1.0
353,Cameron Zurhaar,North Melbourne,1.0,1.0,1.0,1.0,1.0,1.0,1.0,1.0,1.0,1.0,1.0,1.0,0.0,1.0,1.0,1.0,1.0,1.0
340,Luke Parker,North Melbourne,0.0,0.0,0.0,0.0,0.0,0.0,0.0,0.0,0.0,0.0,0.0,0.0,0.0,0.0,0.0,0.0,0.0,0.0
346,Tom Blamires,North Melbourne,0.0,0.0,0.0,0.0,0.0,0.0,0.0,0.0,0.0,0.0,0.0,0.0,0.0,0.0,0.0,0.0,0.0,0.0
350,Tom Powell,North Melbourne,0.0,0.0,0.0,0.0,0.0,0.0,0.0,0.0,0.0,0.0,0.0,0.0,0.0,0.0,0.0,0.0,0.0,0.0
361,Zane Duursma,North Melbourne,0.0,0.0,0.0,0.0,0.0,0.0,0.0,0.0,0.0,0.0,0.0,0.0,0.0,0.0,0.0,0.0,0.0,0.0
366,Toby Pink,North Melbourne,0.0,0.0,0.0,0.0,0.0,0.0,0.0,0.0,0.0,0.0,0.0,0.0,0.0,0.0,0.0,0.0,0.0,0.0
367,Lachy Dovaston,North Melbourne,0.0,0.0,0.0,0.0,0.0,0.0,0.0,0.0,0.0,0.0,0.0,0.0,0.0,0.0,0.0,0.0,0.0,0.0
368,Jacob Konstanty,North Melbourne,0.0,0.0,0.0,0.0,0.0,0.0,0.0,0.0,0.0,0.0,0.0,0.0,0.0,0.0,0.0,0.0,0.0,0.0
372,Luke McDonald,North Melbourne,0.0,0.0,0.0,0.0,0.0,0.0,0.0,0.0,0.0,0.0,0.0,0.0,0.0,0.0,0.0,0.0,0.0,0.0
381,Griffin Logue,North Melbourne,0.0,0.0,0.0,0.0,0.0,0.0,0.0,0.0,0.0,0.0,0.0,0.0,0.0,0.0,0.0,0.0,0.0,0.0
467,Callum Coleman-Jones,North Melbourne,0.0,0.0,0.0,0.0,0.0,0.0,0.0,0.0,0.0,0.0,0.0,0.0,0.0,0.0,0.0,0.0,0.0,0.0
472,Aidan Corr,North Melbourne,0.0,0.0,0.0,0.0,0.0,0.0,0.0,0.0,0.0,0.0,0.0,0.0,0.0,0.0,0.0,0.0,0.0,0.0
488,Zac Banch,North Melbourne,0.0,0.0,0.0,0.0,0.0,0.0,0.0,0.0,0.0,0.0,0.0,0.0,0.0,0.0,0.0,0.0,0.0,0.0
466,George Wardlaw,North Melbourne,0.0,0.0,0.0,0.0,0.0,0.0,0.0,0.0,0.0,0.0,0.0,0.0,0.0,0.0,0.0,0.0,0.0,0.0
589,Riley Hardeman,North Melbourne,0.0,0.0,0.0,0.0,0.0,0.0,0.0,0.0,0.0,0.0,0.0,0.0,0.0,0.0,0.0,0.0,0.0,0.0
603,Zac Fisher,North Melbourne,0.0,0.0,0.0,0.0,0.0,0.0,0.0,0.0,0.0,0.0,0.0,0.0,0.0,0.0,0.0,0.0,0.0,0.0
566,Wil Dawson,North Melbourne,0.0,0.0,0.0,0.0,0.0,0.0,0.0,0.0,0.0,0.0,0.0,0.0,0.0,0.0,0.0,0.0,0.0,0.0
513,Charlie Spargo,North Melbourne,0.0,0.0,0.0,0.0,0.0,0.0,0.0,0.0,0.0,0.0,0.0,0.0,0.0,0.0,0.0,0.0,0.0,0.0
649,Bailey Scott,North Melbourne,0.0,0.0,0.0,0.0,0.0,0.0,0.0,0.0,0.0,0.0,0.0,0.0,0.0,0.0,0.0,0.0,0.0,0.0
630,Josh Goater,North Melbourne,0.0,0.0,0.0,0.0,0.0,0.0,0.0,0.0,0.0,0.0,0.0,0.0,0.0,0.0,0.0,0.0,0.0,0.0
640,Matt Whitlock,North Melbourne,0.0,0.0,0.0,0.0,0.0,0.0,0.0,0.0,0.0,0.0,0.0,0.0,0.0,0.0,0.0,0.0,0.0,0.0
619,Cooper Harvey,North Melbourne,0.0,0.0,0.0,0.0,0.0,0.0,0.0,0.0,0.0,0.0,0.0,0.0,0.0,0.0,0.0,0.0,0.0,0.0
617,Taylor Goad,North Melbourne,0.0,0.0,0.0,0.0,0.0,0.0,0.0,0.0,0.0,0.0,0.0,0.0,0.0,0.0,0.0,0.0,0.0,0.0
380,Jason Horne-Francis,Port Adelaide,20.0,19.0,19.0,20.0,19.0,20.0,20.0,19.0,19.0,20.0,19.0,19.454545454545453,0.5222329678670934,19.0,19.0,19.0,20.0,20.0
344,Zak Butters,Port Adelaide,16.0,16.0,16.0,17.0,16.0,17.0,16.0,17.0,16.0,17.0,17.0,16.454545454545453,0.5222329678670934,16.0,16.0,16.0,17.0,17.0
364,Aliir Aliir,Port Adelaide,4.0,4.0,4.0,3.0,4.0,3.0,4.0,3.0,4.0,3.0,3.0,3.5454545454545454,0.5222329678670935,4.0,3.0,3.0,4.0,4.0
370,Joe Richards,Port Adelaide,3.0,3.0,3.0,3.0,3.0,3.0,3.0,3.0,3.0,3.0,3.0,3.0,0.0,3.0,3.0,3.0,3.0,3.0
359,Jase Burgoyne,Port Adelaide,3.0,3.0,3.0,3.0,3.0,3.0,3.0,3.0,3.0,3.0,3.0,3.0,0.0,3.0,3.0,3.0,3.0,3.0
362,Mitch Georgiades,Port Adelaide,2.0,2.0,2.0,2.0,3.0,2.0,2.0,2.0,2.0,2.0,2.0,2.090909090909091,0.30151134457776363,2.0,2.0,2.0,2.0,2.549999999999999
357,Esava Ratugolea,Port Adelaide,2.0,2.0,2.0,2.0,2.0,2.0,2.0,2.0,2.0,2.0,2.0,2.0,0.0,2.0,2.0,2.0,2.0,2.0
365,Darcy Byrne-Jones,Port Adelaide,1.0,1.0,1.0,1.0,1.0,1.0,1.0,1.0,1.0,1.0,1.0,1.0,0.0,1.0,1.0,1.0,1.0,1.0
445,Jordon Sweet,Port Adelaide,1.0,1.0,1.0,1.0,1.0,1.0,1.0,1.0,1.0,1.0,1.0,1.0,0.0,1.0,1.0,1.0,1.0,1.0
491,Ollie Wines,Port Adelaide,1.0,1.0,1.0,1.0,1.0,1.0,1.0,1.0,1.0,1.0,1.0,1.0,0.0,1.0,1.0,1.0,1.0,1.0
371,Jack Whitlock,Port Adelaide,0.0,0.0,0.0,0.0,0.0,0.0,0.0,0.0,0.0,0.0,0.0,0.0,0.0,0.0,0.0,0.0,0.0,0.0
382,Logan Evans,Port Adelaide,0.0,0.0,0.0,0.0,0.0,0.0,0.0,0.0,0.0,0.0,0.0,0.0,0.0,0.0,0.0,0.0,0.0,0.0
352,Willem Drew,Port Adelaide,0.0,0.0,0.0,0.0,0.0,0.0,0.0,0.0,0.0,0.0,0.0,0.0,0.0,0.0,0.0,0.0,0.0,0.0
354,Joe Berry,Port Adelaide,0.0,0.0,0.0,0.0,0.0,0.0,0.0,0.0,0.0,0.0,0.0,0.0,0.0,0.0,0.0,0.0,0.0,0.0
356,Ewan Mackinlay,Port Adelaide,0.0,0.0,0.0,0.0,0.0,0.0,0.0,0.0,0.0,0.0,0.0,0.0,0.0,0.0,0.0,0.0,0.0,0.0
360,Lachie Jones,Port Adelaide,0.0,0.0,0.0,0.0,0.0,0.0,0.0,0.0,0.0,0.0,0.0,0.0,0.0,0.0,0.0,0.0,0.0,0.0
363,Miles Bergman,Port Adelaide,0.0,0.0,0.0,0.0,0.0,0.0,0.0,0.0,0.0,0.0,0.0,0.0,0.0,0.0,0.0,0.0,0.0,0.0
369,Todd Marshall,Port Adelaide,0.0,0.0,0.0,0.0,0.0,0.0,0.0,0.0,0.0,0.0,0.0,0.0,0.0,0.0,0.0,0.0,0.0,0.0
373,Corey Durdin,Port Adelaide,0.0,0.0,0.0,0.0,0.0,0.0,0.0,0.0,0.0,0.0,0.0,0.0,0.0,0.0,0.0,0.0,0.0,0.0
374,Jack Watkins,Port Adelaide,0.0,0.0,0.0,0.0,0.0,0.0,0.0,0.0,0.0,0.0,0.0,0.0,0.0,0.0,0.0,0.0,0.0,0.0
375,Dante Visentini,Port Adelaide,0.0,0.0,0.0,0.0,0.0,0.0,0.0,0.0,0.0,0.0,0.0,0.0,0.0,0.0,0.0,0.0,0.0,0.0
376,Connor Rozee,Port Adelaide,0.0,0.0,0.0,0.0,0.0,0.0,0.0,0.0,0.0,0.0,0.0,0.0,0.0,0.0,0.0,0.0,0.0,0.0
377,Jacob Wehr,Port Adelaide,0.0,0.0,0.0,0.0,0.0,0.0,0.0,0.0,0.0,0.0,0.0,0.0,0.0,0.0,0.0,0.0,0.0,0.0
378,Ollie Lord,Port Adelaide,0.0,0.0,0.0,0.0,0.0,0.0,0.0,0.0,0.0,0.0,0.0,0.0,0.0,0.0,0.0,0.0,0.0,0.0
379,Kane Farrell,Port Adelaide,0.0,0.0,0.0,0.0,0.0,0.0,0.0,0.0,0.0,0.0,0.0,0.0,0.0,0.0,0.0,0.0,0.0,0.0
607,Tom Cochrane,Port Adelaide,0.0,0.0,0.0,0.0,0.0,0.0,0.0,0.0,0.0,0.0,0.0,0.0,0.0,0.0,0.0,0.0,0.0,0.0
474,Will Brodie,Port Adelaide,0.0,0.0,0.0,0.0,0.0,0.0,0.0,0.0,0.0,0.0,0.0,0.0,0.0,0.0,0.0,0.0,0.0,0.0
493,Mitch Zadow,Port Adelaide,0.0,0.0,0.0,0.0,0.0,0.0,0.0,0.0,0.0,0.0,0.0,0.0,0.0,0.0,0.0,0.0,0.0,0.0
444,Jack Lukosius,Port Adelaide,0.0,0.0,0.0,0.0,0.0,0.0,0.0,0.0,0.0,0.0,0.0,0.0,0.0,0.0,0.0,0.0,0.0,0.0
446,Jackson Mead,Port Adelaide,0.0,0.0,0.0,0.0,0.0,0.0,0.0,0.0,0.0,0.0,0.0,0.0,0.0,0.0,0.0,0.0,0.0,0.0
476,Josh Lai,Port Adelaide,0.0,0.0,0.0,0.0,0.0,0.0,0.0,0.0,0.0,0.0,0.0,0.0,0.0,0.0,0.0,0.0,0.0,0.0
659,Alex Van Wyk,Port Adelaide,0.0,0.0,0.0,0.0,0.0,0.0,0.0,0.0,0.0,0.0,0.0,0.0,0.0,0.0,0.0,0.0,0.0,0.0
648,Balyn O'Brien,Port Adelaide,0.0,0.0,0.0,0.0,0.0,0.0,0.0,0.0,0.0,0.0,0.0,0.0,0.0,0.0,0.0,0.0,0.0,0.0
621,Xavier Bamert,Port Adelaide,0.0,0.0,0.0,0.0,0.0,0.0,0.0,0.0,0.0,0.0,0.0,0.0,0.0,0.0,0.0,0.0,0.0,0.0
622,Harrison Ramm,Port Adelaide,0.0,0.0,0.0,0.0,0.0,0.0,0.0,0.0,0.0,0.0,0.0,0.0,0.0,0.0,0.0,0.0,0.0,0.0
629,Brandon Zerk-Thatcher,Port Adelaide,0.0,0.0,0.0,0.0,0.0,0.0,0.0,0.0,0.0,0.0,0.0,0.0,0.0,0.0,0.0,0.0,0.0,0.0
578,Tom Anastasopoulos,Port Adelaide,0.0,0.0,0.0,0.0,0.0,0.0,0.0,0.0,0.0,0.0,0.0,0.0,0.0,0.0,0.0,0.0,0.0,0.0
579,Will Lorenz,Port Adelaide,0.0,0.0,0.0,0.0,0.0,0.0,0.0,0.0,0.0,0.0,0.0,0.0,0.0,0.0,0.0,0.0,0.0,0.0
533,Christian Moraes,Port Adelaide,0.0,0.0,0.0,0.0,0.0,0.0,0.0,0.0,0.0,0.0,0.0,0.0,0.0,0.0,0.0,0.0,0.0,0.0
231,Tim Taranto,Richmond,10.0,10.0,10.0,10.0,9.0,10.0,10.0,10.0,10.0,10.0,9.0,9.818181818181818,0.40451991747794525,10.0,9.0,9.59,10.0,10.0
248,Noah Balta,Richmond,3.0,3.0,3.0,3.0,3.0,3.0,3.0,3.0,3.0,3.0,3.0,3.0,0.0,3.0,3.0,3.0,3.0,3.0
235,Jack Ross,Richmond,2.0,2.0,2.0,2.0,3.0,2.0,2.0,2.0,2.0,2.0,2.0,2.090909090909091,0.30151134457776363,2.0,2.0,2.0,2.0,2.549999999999999
244,Seth Campbell,Richmond,1.0,1.0,1.0,1.0,1.0,1.0,1.0,1.0,1.0,1.0,1.0,1.0,0.0,1.0,1.0,1.0,1.0,1.0
230,Jayden Short,Richmond,1.0,1.0,1.0,1.0,1.0,0.0,1.0,1.0,1.0,1.0,1.0,0.9090909090909091,0.30151134457776363,1.0,0.44999999999999996,1.0,1.0,1.0
240,Sam Grlj,Richmond,0.0,0.0,0.0,0.0,0.0,0.0,0.0,0.0,0.0,0.0,0.0,0.0,0.0,0.0,0.0,0.0,0.0,0.0
238,Kane McAuliffe,Richmond,0.0,0.0,0.0,0.0,0.0,0.0,0.0,0.0,0.0,0.0,0.0,0.0,0.0,0.0,0.0,0.0,0.0,0.0
237,Sam Banks,Richmond,0.0,0.0,0.0,0.0,0.0,0.0,0.0,0.0,0.0,0.0,0.0,0.0,0.0,0.0,0.0,0.0,0.0,0.0
236,Toby Nankervis,Richmond,0.0,0.0,0.0,0.0,0.0,0.0,0.0,0.0,0.0,0.0,0.0,0.0,0.0,0.0,0.0,0.0,0.0,0.0
234,Rhyan Mansell,Richmond,0.0,0.0,0.0,0.0,0.0,0.0,0.0,0.0,0.0,0.0,0.0,0.0,0.0,0.0,0.0,0.0,0.0,0.0
233,Tom Lynch,Richmond,0.0,0.0,0.0,0.0,0.0,0.0,0.0,0.0,0.0,0.0,0.0,0.0,0.0,0.0,0.0,0.0,0.0,0.0
239,Steely Green,Richmond,0.0,0.0,0.0,0.0,0.0,0.0,0.0,0.0,0.0,0.0,0.0,0.0,0.0,0.0,0.0,0.0,0.0,0.0
232,Sam Lalor,Richmond,0.0,0.0,0.0,0.0,0.0,0.0,0.0,0.0,0.0,0.0,0.0,0.0,0.0,0.0,0.0,0.0,0.0,0.0
243,Ben Miller,Richmond,0.0,0.0,0.0,0.0,0.0,0.0,0.0,0.0,0.0,0.0,0.0,0.0,0.0,0.0,0.0,0.0,0.0,0.0
245,James Trezise,Richmond,0.0,0.0,0.0,0.0,0.0,0.0,0.0,0.0,0.0,0.0,0.0,0.0,0.0,0.0,0.0,0.0,0.0,0.0
246,Maurice Rioli,Richmond,0.0,0.0,0.0,0.0,0.0,0.0,0.0,0.0,0.0,0.0,0.0,0.0,0.0,0.0,0.0,0.0,0.0,0.0
247,Jacob Hopper,Richmond,0.0,0.0,0.0,0.0,0.0,0.0,0.0,0.0,0.0,0.0,0.0,0.0,0.0,0.0,0.0,0.0,0.0,0.0
249,Josh Gibcus,Richmond,0.0,0.0,0.0,0.0,0.0,0.0,0.0,0.0,0.0,0.0,0.0,0.0,0.0,0.0,0.0,0.0,0.0,0.0
250,Nathan Broad,Richmond,0.0,0.0,0.0,0.0,0.0,0.0,0.0,0.0,0.0,0.0,0.0,0.0,0.0,0.0,0.0,0.0,0.0,0.0
253,Campbell Gray,Richmond,0.0,0.0,0.0,0.0,0.0,0.0,0.0,0.0,0.0,0.0,0.0,0.0,0.0,0.0,0.0,0.0,0.0,0.0
254,Harry Armstrong,Richmond,0.0,0.0,0.0,0.0,0.0,0.0,0.0,0.0,0.0,0.0,0.0,0.0,0.0,0.0,0.0,0.0,0.0,0.0
255,Jonty Faull,Richmond,0.0,0.0,0.0,0.0,0.0,0.0,0.0,0.0,0.0,0.0,0.0,0.0,0.0,0.0,0.0,0.0,0.0,0.0
241,Hugo Ralphsmith,Richmond,0.0,0.0,0.0,0.0,0.0,0.0,0.0,0.0,0.0,0.0,0.0,0.0,0.0,0.0,0.0,0.0,0.0,0.0
465,Jasper Alger,Richmond,0.0,0.0,0.0,0.0,0.0,0.0,0.0,0.0,0.0,0.0,0.0,0.0,0.0,0.0,0.0,0.0,0.0,0.0
661,Judson Clarke,Richmond,0.0,0.0,0.0,0.0,0.0,0.0,0.0,0.0,0.0,0.0,0.0,0.0,0.0,0.0,0.0,0.0,0.0,0.0
643,Zane Peucker,Richmond,0.0,0.0,0.0,0.0,0.0,0.0,0.0,0.0,0.0,0.0,0.0,0.0,0.0,0.0,0.0,0.0,0.0,0.0
436,Dion Prestia,Richmond,0.0,0.0,0.0,0.0,0.0,0.0,0.0,0.0,0.0,0.0,0.0,0.0,0.0,0.0,0.0,0.0,0.0,0.0
437,Mykelti Lefau,Richmond,0.0,0.0,0.0,0.0,0.0,0.0,0.0,0.0,0.0,0.0,0.0,0.0,0.0,0.0,0.0,0.0,0.0,0.0
438,Tyler Sonsie,Richmond,0.0,0.0,0.0,0.0,0.0,0.0,0.0,0.0,0.0,0.0,0.0,0.0,0.0,0.0,0.0,0.0,0.0,0.0
439,Nick Vlastuin,Richmond,0.0,0.0,0.0,0.0,0.0,0.0,0.0,0.0,0.0,0.0,0.0,0.0,0.0,0.0,0.0,0.0,0.0,0.0
494,Samson Ryan,Richmond,0.0,0.0,0.0,0.0,0.0,0.0,0.0,0.0,0.0,0.0,0.0,0.0,0.0,0.0,0.0,0.0,0.0,0.0
440,Tom Brown,Richmond,0.0,0.0,0.0,0.0,0.0,0.0,0.0,0.0,0.0,0.0,0.0,0.0,0.0,0.0,0.0,0.0,0.0,0.0
463,Luke Trainor,Richmond,0.0,0.0,0.0,0.0,0.0,0.0,0.0,0.0,0.0,0.0,0.0,0.0,0.0,0.0,0.0,0.0,0.0,0.0
492,Liam Fawcett,Richmond,0.0,0.0,0.0,0.0,0.0,0.0,0.0,0.0,0.0,0.0,0.0,0.0,0.0,0.0,0.0,0.0,0.0,0.0
583,Noah Roberts-Thomson,Richmond,0.0,0.0,0.0,0.0,0.0,0.0,0.0,0.0,0.0,0.0,0.0,0.0,0.0,0.0,0.0,0.0,0.0,0.0
547,Sam Cumming,Richmond,0.0,0.0,0.0,0.0,0.0,0.0,0.0,0.0,0.0,0.0,0.0,0.0,0.0,0.0,0.0,0.0,0.0,0.0
548,Tom Burton,Richmond,0.0,0.0,0.0,0.0,0.0,0.0,0.0,0.0,0.0,0.0,0.0,0.0,0.0,0.0,0.0,0.0,0.0,0.0
623,Kye Annand,Richmond,0.0,0.0,0.0,0.0,0.0,0.0,0.0,0.0,0.0,0.0,0.0,0.0,0.0,0.0,0.0,0.0,0.0,0.0
628,Taj Hotton,Richmond,0.0,0.0,0.0,0.0,0.0,0.0,0.0,0.0,0.0,0.0,0.0,0.0,0.0,0.0,0.0,0.0,0.0,0.0
527,Oliver Hayes-Brown,Richmond,0.0,0.0,0.0,0.0,0.0,0.0,0.0,0.0,0.0,0.0,0.0,0.0,0.0,0.0,0.0,0.0,0.0,0.0
535,Patrick Retschko,Richmond,0.0,0.0,0.0,0.0,0.0,0.0,0.0,0.0,0.0,0.0,0.0,0.0,0.0,0.0,0.0,0.0,0.0,0.0
206,Nasiah Wanganeen-Milera,St Kilda,19.0,19.0,19.0,19.0,19.0,19.0,19.0,19.0,19.0,19.0,18.0,18.90909090909091,0.30151134457776363,19.0,18.45,19.0,19.0,19.0
212,Max Hall,St Kilda,11.0,11.0,10.0,10.0,10.0,10.0,11.0,11.0,11.0,11.0,11.0,10.636363636363637,0.504524979109513,11.0,10.0,10.0,11.0,11.0
218,Rowan Marshall,St Kilda,8.0,8.0,8.0,9.0,8.0,8.0,8.0,8.0,8.0,8.0,8.0,8.090909090909092,0.30151134457776363,8.0,8.0,8.0,8.0,8.549999999999999
196,Callum Wilkie,St Kilda,6.0,7.0,7.0,5.0,7.0,6.0,7.0,7.0,7.0,7.0,7.0,6.636363636363637,0.674199862463242,7.0,5.45,6.0,7.0,7.0
209,Hugo Garcia,St Kilda,6.0,6.0,6.0,6.0,6.0,6.0,6.0,6.0,6.0,6.0,6.0,6.0,0.0,6.0,6.0,6.0,6.0,6.0
225,Liam Ryan,St Kilda,5.0,5.0,5.0,5.0,5.0,5.0,5.0,5.0,5.0,5.0,5.0,5.0,0.0,5.0,5.0,5.0,5.0,5.0
200,Bradley Hill,St Kilda,4.0,4.0,4.0,4.0,4.0,4.0,4.0,4.0,4.0,4.0,5.0,4.090909090909091,0.30151134457776363,4.0,4.0,4.0,4.0,4.549999999999999
186,Jack Sinclair,St Kilda,4.0,4.0,4.0,4.0,4.0,4.0,4.0,4.0,4.0,4.0,4.0,4.0,0.0,4.0,4.0,4.0,4.0,4.0
197,Tom De Koning,St Kilda,1.0,1.0,1.0,1.0,2.0,1.0,1.0,1.0,1.0,1.0,1.0,1.0909090909090908,0.30151134457776363,1.0,1.0,1.0,1.0,1.549999999999999
224,Cooper Sharman,St Kilda,1.0,1.0,1.0,1.0,1.0,1.0,1.0,1.0,1.0,1.0,1.0,1.0,0.0,1.0,1.0,1.0,1.0,1.0
205,Jack Macrae,St Kilda,1.0,1.0,1.0,1.0,1.0,1.0,1.0,1.0,1.0,1.0,1.0,1.0,0.0,1.0,1.0,1.0,1.0,1.0
210,Jack Higgins,St Kilda,1.0,1.0,1.0,1.0,1.0,1.0,1.0,1.0,1.0,1.0,1.0,1.0,0.0,1.0,1.0,1.0,1.0,1.0
211,Mitch Owens,St Kilda,1.0,1.0,1.0,1.0,1.0,1.0,1.0,1.0,1.0,1.0,1.0,1.0,0.0,1.0,1.0,1.0,1.0,1.0
199,Mattaes Phillipou,St Kilda,0.0,0.0,0.0,0.0,0.0,0.0,0.0,0.0,0.0,0.0,0.0,0.0,0.0,0.0,0.0,0.0,0.0,0.0
195,Marcus Windhager,St Kilda,0.0,0.0,0.0,0.0,0.0,0.0,0.0,0.0,0.0,0.0,0.0,0.0,0.0,0.0,0.0,0.0,0.0,0.0
201,Sam Flanders,St Kilda,0.0,0.0,0.0,0.0,0.0,0.0,0.0,0.0,0.0,0.0,0.0,0.0,0.0,0.0,0.0,0.0,0.0,0.0
213,Jack Silvagni,St Kilda,0.0,0.0,0.0,0.0,0.0,0.0,0.0,0.0,0.0,0.0,0.0,0.0,0.0,0.0,0.0,0.0,0.0,0.0
217,Mason Wood,St Kilda,0.0,0.0,0.0,0.0,0.0,0.0,0.0,0.0,0.0,0.0,0.0,0.0,0.0,0.0,0.0,0.0,0.0,0.0
220,Anthony Caminiti,St Kilda,0.0,0.0,0.0,0.0,0.0,0.0,0.0,0.0,0.0,0.0,0.0,0.0,0.0,0.0,0.0,0.0,0.0,0.0
221,Jack Carroll,St Kilda,0.0,0.0,0.0,0.0,0.0,0.0,0.0,0.0,0.0,0.0,0.0,0.0,0.0,0.0,0.0,0.0,0.0,0.0
222,Alix Tauru,St Kilda,0.0,0.0,0.0,0.0,0.0,0.0,0.0,0.0,0.0,0.0,0.0,0.0,0.0,0.0,0.0,0.0,0.0,0.0
226,Hugh Boxshall,St Kilda,0.0,0.0,0.0,0.0,0.0,0.0,0.0,0.0,0.0,0.0,0.0,0.0,0.0,0.0,0.0,0.0,0.0,0.0
228,Darcy Wilson,St Kilda,0.0,0.0,0.0,0.0,0.0,0.0,0.0,0.0,0.0,0.0,0.0,0.0,0.0,0.0,0.0,0.0,0.0,0.0
406,Isaac Keeler,St Kilda,0.0,0.0,0.0,0.0,0.0,0.0,0.0,0.0,0.0,0.0,0.0,0.0,0.0,0.0,0.0,0.0,0.0,0.0
441,Liam Stocker,St Kilda,0.0,0.0,0.0,0.0,0.0,0.0,0.0,0.0,0.0,0.0,0.0,0.0,0.0,0.0,0.0,0.0,0.0,0.0
460,Dougal Howard,St Kilda,0.0,0.0,0.0,0.0,0.0,0.0,0.0,0.0,0.0,0.0,0.0,0.0,0.0,0.0,0.0,0.0,0.0,0.0
461,Dan Butler,St Kilda,0.0,0.0,0.0,0.0,0.0,0.0,0.0,0.0,0.0,0.0,0.0,0.0,0.0,0.0,0.0,0.0,0.0,0.0
584,Charlie Banfield,St Kilda,0.0,0.0,0.0,0.0,0.0,0.0,0.0,0.0,0.0,0.0,0.0,0.0,0.0,0.0,0.0,0.0,0.0,0.0
568,Ryan Byrnes,St Kilda,0.0,0.0,0.0,0.0,0.0,0.0,0.0,0.0,0.0,0.0,0.0,0.0,0.0,0.0,0.0,0.0,0.0,0.0
652,Max King,St Kilda,0.0,0.0,0.0,0.0,0.0,0.0,0.0,0.0,0.0,0.0,0.0,0.0,0.0,0.0,0.0,0.0,0.0,0.0
559,Liam Henry,St Kilda,0.0,0.0,0.0,0.0,0.0,0.0,0.0,0.0,0.0,0.0,0.0,0.0,0.0,0.0,0.0,0.0,0.0,0.0
560,Liam O'Connell,St Kilda,0.0,0.0,0.0,0.0,0.0,0.0,0.0,0.0,0.0,0.0,0.0,0.0,0.0,0.0,0.0,0.0,0.0,0.0
639,Tobie Travaglia,St Kilda,0.0,0.0,0.0,0.0,0.0,0.0,0.0,0.0,0.0,0.0,0.0,0.0,0.0,0.0,0.0,0.0,0.0,0.0
608,Angus Hastie,St Kilda,0.0,0.0,0.0,0.0,0.0,0.0,0.0,0.0,0.0,0.0,0.0,0.0,0.0,0.0,0.0,0.0,0.0,0.0
528,Hunter Clark,St Kilda,0.0,0.0,0.0,0.0,0.0,0.0,0.0,0.0,0.0,0.0,0.0,0.0,0.0,0.0,0.0,0.0,0.0,0.0
609,Campbell Lake,St Kilda,0.0,0.0,0.0,0.0,0.0,0.0,0.0,0.0,0.0,0.0,0.0,0.0,0.0,0.0,0.0,0.0,0.0,0.0
2,Isaac Heeney,Sydney,23.0,22.0,22.0,23.0,23.0,22.0,23.0,23.0,22.0,23.0,24.0,22.727272727272727,0.6466697906828632,23.0,22.0,22.0,23.0,23.549999999999997
1,Errol Gulden,Sydney,16.0,16.0,16.0,16.0,16.0,16.0,16.0,16.0,16.0,16.0,16.0,16.0,0.0,16.0,16.0,16.0,16.0,16.0
5,Brodie Grundy,Sydney,14.0,14.0,15.0,15.0,15.0,15.0,13.0,14.0,14.0,14.0,13.0,14.181818181818182,0.7507571935295483,14.0,13.0,13.59,15.0,15.0
4,Chad Warner,Sydney,12.0,12.0,12.0,12.0,11.0,12.0,12.0,12.0,12.0,12.0,12.0,11.909090909090908,0.30151134457776363,12.0,11.45,12.0,12.0,12.0
10,Charlie Curnow,Sydney,10.0,10.0,10.0,10.0,9.0,9.0,9.0,10.0,10.0,10.0,9.0,9.636363636363637,0.504524979109513,10.0,9.0,9.0,10.0,10.0
17,Nick Blakey,Sydney,7.0,7.0,7.0,7.0,7.0,7.0,7.0,7.0,7.0,7.0,7.0,7.0,0.0,7.0,7.0,7.0,7.0,7.0
0,Justin McInerney,Sydney,6.0,6.0,7.0,6.0,7.0,6.0,6.0,6.0,6.0,6.0,7.0,6.2727272727272725,0.4670993664969138,6.0,6.0,6.0,7.0,7.0
11,Joel Amartey,Sydney,3.0,3.0,3.0,3.0,3.0,3.0,3.0,3.0,3.0,3.0,3.0,3.0,0.0,3.0,3.0,3.0,3.0,3.0
25,Malcolm Rosas,Sydney,3.0,3.0,3.0,3.0,3.0,3.0,3.0,3.0,3.0,3.0,3.0,3.0,0.0,3.0,3.0,3.0,3.0,3.0
13,Callum Mills,Sydney,2.0,2.0,2.0,2.0,2.0,2.0,2.0,2.0,2.0,2.0,2.0,2.0,0.0,2.0,2.0,2.0,2.0,2.0
12,Tom McCartin,Sydney,1.0,1.0,1.0,1.0,1.0,1.0,1.0,1.0,1.0,1.0,1.0,1.0,0.0,1.0,1.0,1.0,1.0,1.0
647,Braeden Campbell,Sydney,1.0,1.0,1.0,1.0,1.0,1.0,1.0,1.0,1.0,1.0,1.0,1.0,0.0,1.0,1.0,1.0,1.0,1.0
7,James Rowbottom,Sydney,1.0,1.0,1.0,1.0,1.0,1.0,1.0,1.0,1.0,1.0,1.0,1.0,0.0,1.0,1.0,1.0,1.0,1.0
36,Tom Papley,Sydney,1.0,1.0,1.0,1.0,1.0,1.0,1.0,1.0,1.0,1.0,1.0,1.0,0.0,1.0,1.0,1.0,1.0,1.0
19,Lewis Melican,Sydney,0.0,0.0,0.0,0.0,0.0,0.0,0.0,0.0,0.0,0.0,0.0,0.0,0.0,0.0,0.0,0.0,0.0,0.0
18,Jai Serong,Sydney,0.0,0.0,0.0,0.0,0.0,0.0,0.0,0.0,0.0,0.0,0.0,0.0,0.0,0.0,0.0,0.0,0.0,0.0
14,Dane Rampe,Sydney,0.0,0.0,0.0,0.0,0.0,0.0,0.0,0.0,0.0,0.0,0.0,0.0,0.0,0.0,0.0,0.0,0.0,0.0
9,Angus Sheldrick,Sydney,0.0,0.0,0.0,0.0,0.0,0.0,0.0,0.0,0.0,0.0,0.0,0.0,0.0,0.0,0.0,0.0,0.0,0.0
8,Matt Roberts,Sydney,0.0,0.0,0.0,0.0,0.0,0.0,0.0,0.0,0.0,0.0,0.0,0.0,0.0,0.0,0.0,0.0,0.0,0.0
24,Riley Bice,Sydney,0.0,0.0,0.0,0.0,0.0,0.0,0.0,0.0,0.0,0.0,0.0,0.0,0.0,0.0,0.0,0.0,0.0,0.0
40,Sam Wicks,Sydney,0.0,0.0,0.0,0.0,0.0,0.0,0.0,0.0,0.0,0.0,0.0,0.0,0.0,0.0,0.0,0.0,0.0,0.0
29,Jake Lloyd,Sydney,0.0,0.0,0.0,0.0,0.0,0.0,0.0,0.0,0.0,0.0,0.0,0.0,0.0,0.0,0.0,0.0,0.0,0.0
30,James Jordon,Sydney,0.0,0.0,0.0,0.0,0.0,0.0,0.0,0.0,0.0,0.0,0.0,0.0,0.0,0.0,0.0,0.0,0.0,0.0
431,Corey Warner,Sydney,0.0,0.0,0.0,0.0,0.0,0.0,0.0,0.0,0.0,0.0,0.0,0.0,0.0,0.0,0.0,0.0,0.0,0.0
42,Logan McDonald,Sydney,0.0,0.0,0.0,0.0,0.0,0.0,0.0,0.0,0.0,0.0,0.0,0.0,0.0,0.0,0.0,0.0,0.0,0.0
590,Tom Hanily,Sydney,0.0,0.0,0.0,0.0,0.0,0.0,0.0,0.0,0.0,0.0,0.0,0.0,0.0,0.0,0.0,0.0,0.0,0.0
597,Peter Ladhams,Sydney,0.0,0.0,0.0,0.0,0.0,0.0,0.0,0.0,0.0,0.0,0.0,0.0,0.0,0.0,0.0,0.0,0.0,0.0
598,Harry Kyle,Sydney,0.0,0.0,0.0,0.0,0.0,0.0,0.0,0.0,0.0,0.0,0.0,0.0,0.0,0.0,0.0,0.0,0.0,0.0
657,Jesse Dattoli,Sydney,0.0,0.0,0.0,0.0,0.0,0.0,0.0,0.0,0.0,0.0,0.0,0.0,0.0,0.0,0.0,0.0,0.0,0.0
495,Harry Cunningham,Sydney,0.0,0.0,0.0,0.0,0.0,0.0,0.0,0.0,0.0,0.0,0.0,0.0,0.0,0.0,0.0,0.0,0.0,0.0
658,William Green,Sydney,0.0,0.0,0.0,0.0,0.0,0.0,0.0,0.0,0.0,0.0,0.0,0.0,0.0,0.0,0.0,0.0,0.0,0.0
517,Joel Hamling,Sydney,0.0,0.0,0.0,0.0,0.0,0.0,0.0,0.0,0.0,0.0,0.0,0.0,0.0,0.0,0.0,0.0,0.0,0.0
565,Hayden McLean,Sydney,0.0,0.0,0.0,0.0,0.0,0.0,0.0,0.0,0.0,0.0,0.0,0.0,0.0,0.0,0.0,0.0,0.0,0.0
432,Caiden Cleary,Sydney,0.0,0.0,0.0,0.0,0.0,0.0,0.0,0.0,0.0,0.0,0.0,0.0,0.0,0.0,0.0,0.0,0.0,0.0
545,William Edwards,Sydney,0.0,0.0,0.0,0.0,0.0,0.0,0.0,0.0,0.0,0.0,0.0,0.0,0.0,0.0,0.0,0.0,0.0,0.0
546,Billy Cootee,Sydney,0.0,0.0,0.0,0.0,0.0,0.0,0.0,0.0,0.0,0.0,0.0,0.0,0.0,0.0,0.0,0.0,0.0,0.0
410,Harley Reid,West Coast,12.0,12.0,12.0,12.0,12.0,12.0,12.0,12.0,12.0,12.0,12.0,12.0,0.0,12.0,12.0,12.0,12.0,12.0
411,Jake Waterman,West Coast,4.0,4.0,4.0,4.0,4.0,4.0,4.0,4.0,4.0,4.0,4.0,4.0,0.0,4.0,4.0,4.0,4.0,4.0
414,Reuben Ginbey,West Coast,3.0,3.0,3.0,3.0,3.0,3.0,3.0,3.0,3.0,3.0,3.0,3.0,0.0,3.0,3.0,3.0,3.0,3.0
520,Bailey Williams,West Coast,3.0,3.0,2.0,3.0,3.0,3.0,3.0,3.0,3.0,3.0,3.0,2.909090909090909,0.30151134457776363,3.0,2.45,3.0,3.0,3.0
422,Tom McCarthy,West Coast,1.0,1.0,1.0,1.0,1.0,1.0,1.0,1.0,1.0,1.0,1.0,1.0,0.0,1.0,1.0,1.0,1.0,1.0
618,Marcus Herbert,West Coast,1.0,1.0,1.0,1.0,0.0,1.0,1.0,1.0,1.0,1.0,1.0,0.9090909090909091,0.30151134457776363,1.0,0.44999999999999996,1.0,1.0,1.0
430,Josh Lindsay,West Coast,0.0,0.0,0.0,0.0,0.0,0.0,0.0,0.0,0.0,0.0,0.0,0.0,0.0,0.0,0.0,0.0,0.0,0.0
415,Tylar Young,West Coast,0.0,0.0,0.0,0.0,0.0,0.0,0.0,0.0,0.0,0.0,0.0,0.0,0.0,0.0,0.0,0.0,0.0,0.0
407,Milan Murdock,West Coast,0.0,0.0,0.0,0.0,0.0,0.0,0.0,0.0,0.0,0.0,0.0,0.0,0.0,0.0,0.0,0.0,0.0,0.0
409,Deven Robertson,West Coast,0.0,0.0,0.0,0.0,0.0,0.0,0.0,0.0,0.0,0.0,0.0,0.0,0.0,0.0,0.0,0.0,0.0,0.0
412,Elliot Yeo,West Coast,0.0,0.0,0.0,0.0,0.0,0.0,0.0,0.0,0.0,0.0,0.0,0.0,0.0,0.0,0.0,0.0,0.0,0.0
413,Ryan Maric,West Coast,0.0,0.0,0.0,0.0,0.0,0.0,0.0,0.0,0.0,0.0,0.0,0.0,0.0,0.0,0.0,0.0,0.0,0.0
416,Bo Allan,West Coast,0.0,0.0,0.0,0.0,0.0,0.0,0.0,0.0,0.0,0.0,0.0,0.0,0.0,0.0,0.0,0.0,0.0,0.0
429,Archer Reid,West Coast,0.0,0.0,0.0,0.0,0.0,0.0,0.0,0.0,0.0,0.0,0.0,0.0,0.0,0.0,0.0,0.0,0.0,0.0
417,Willem Duursma,West Coast,0.0,0.0,0.0,0.0,0.0,0.0,0.0,0.0,0.0,0.0,0.0,0.0,0.0,0.0,0.0,0.0,0.0,0.0
418,Jacob Newton,West Coast,0.0,0.0,0.0,0.0,0.0,0.0,0.0,0.0,0.0,0.0,0.0,0.0,0.0,0.0,0.0,0.0,0.0,0.0
419,Liam Duggan,West Coast,0.0,0.0,0.0,0.0,0.0,0.0,0.0,0.0,0.0,0.0,0.0,0.0,0.0,0.0,0.0,0.0,0.0,0.0
420,Hamish Davis,West Coast,0.0,0.0,0.0,0.0,0.0,0.0,0.0,0.0,0.0,0.0,0.0,0.0,0.0,0.0,0.0,0.0,0.0,0.0
421,Jobe Shanahan,West Coast,0.0,0.0,0.0,0.0,0.0,0.0,0.0,0.0,0.0,0.0,0.0,0.0,0.0,0.0,0.0,0.0,0.0,0.0
423,Tom Cole,West Coast,0.0,0.0,0.0,0.0,0.0,0.0,0.0,0.0,0.0,0.0,0.0,0.0,0.0,0.0,0.0,0.0,0.0,0.0
424,Matt Flynn,West Coast,0.0,0.0,0.0,0.0,0.0,0.0,0.0,0.0,0.0,0.0,0.0,0.0,0.0,0.0,0.0,0.0,0.0,0.0
425,Jack Graham,West Coast,0.0,0.0,0.0,0.0,0.0,0.0,0.0,0.0,0.0,0.0,0.0,0.0,0.0,0.0,0.0,0.0,0.0,0.0
426,Brady Hough,West Coast,0.0,0.0,0.0,0.0,0.0,0.0,0.0,0.0,0.0,0.0,0.0,0.0,0.0,0.0,0.0,0.0,0.0,0.0
427,Cooper Duff-Tytler,West Coast,0.0,0.0,0.0,0.0,0.0,0.0,0.0,0.0,0.0,0.0,0.0,0.0,0.0,0.0,0.0,0.0,0.0,0.0
428,Jamie Cripps,West Coast,0.0,0.0,0.0,0.0,0.0,0.0,0.0,0.0,0.0,0.0,0.0,0.0,0.0,0.0,0.0,0.0,0.0,0.0
475,Harry Schoenberg,West Coast,0.0,0.0,0.0,0.0,0.0,0.0,0.0,0.0,0.0,0.0,0.0,0.0,0.0,0.0,0.0,0.0,0.0,0.0
586,Rhett Bazzo,West Coast,0.0,0.0,0.0,0.0,0.0,0.0,0.0,0.0,0.0,0.0,0.0,0.0,0.0,0.0,0.0,0.0,0.0,0.0
498,Sandy Brock,West Coast,0.0,0.0,0.0,0.0,0.0,0.0,0.0,0.0,0.0,0.0,0.0,0.0,0.0,0.0,0.0,0.0,0.0,0.0
497,Malakai Champion,West Coast,0.0,0.0,0.0,0.0,0.0,0.0,0.0,0.0,0.0,0.0,0.0,0.0,0.0,0.0,0.0,0.0,0.0,0.0
496,Matthew Owies,West Coast,0.0,0.0,0.0,0.0,0.0,0.0,0.0,0.0,0.0,0.0,0.0,0.0,0.0,0.0,0.0,0.0,0.0,0.0
448,Tim Kelly,West Coast,0.0,0.0,0.0,0.0,0.0,0.0,0.0,0.0,0.0,0.0,0.0,0.0,0.0,0.0,0.0,0.0,0.0,0.0
449,Liam Baker,West Coast,0.0,0.0,0.0,0.0,0.0,0.0,0.0,0.0,0.0,0.0,0.0,0.0,0.0,0.0,0.0,0.0,0.0,0.0
450,Harry Edwards,West Coast,0.0,0.0,0.0,0.0,0.0,0.0,0.0,0.0,0.0,0.0,0.0,0.0,0.0,0.0,0.0,0.0,0.0,0.0
573,Jack Hutchinson,West Coast,0.0,0.0,0.0,0.0,0.0,0.0,0.0,0.0,0.0,0.0,0.0,0.0,0.0,0.0,0.0,0.0,0.0,0.0
574,Harvey Johnston,West Coast,0.0,0.0,0.0,0.0,0.0,0.0,0.0,0.0,0.0,0.0,0.0,0.0,0.0,0.0,0.0,0.0,0.0,0.0
522,Elijah Hewett,West Coast,0.0,0.0,0.0,0.0,0.0,0.0,0.0,0.0,0.0,0.0,0.0,0.0,0.0,0.0,0.0,0.0,0.0,0.0
552,Jack Williams,West Coast,0.0,0.0,0.0,0.0,0.0,0.0,0.0,0.0,0.0,0.0,0.0,0.0,0.0,0.0,0.0,0.0,0.0,0.0
631,Oliver Francou,West Coast,0.0,0.0,0.0,0.0,0.0,0.0,0.0,0.0,0.0,0.0,0.0,0.0,0.0,0.0,0.0,0.0,0.0,0.0
606,Brandon Starcevich,West Coast,0.0,0.0,0.0,0.0,0.0,0.0,0.0,0.0,0.0,0.0,0.0,0.0,0.0,0.0,0.0,0.0,0.0,0.0
620,Tom Gross,West Coast,0.0,0.0,0.0,0.0,0.0,0.0,0.0,0.0,0.0,0.0,0.0,0.0,0.0,0.0,0.0,0.0,0.0,0.0
145,Marcus Bontempelli,Western Bulldogs,28.0,28.0,28.0,29.0,29.0,28.0,28.0,28.0,28.0,28.0,28.0,28.181818181818183,0.4045199174779452,28.0,28.0,28.0,28.41,29.0
138,Ed Richards,Western Bulldogs,21.0,21.0,21.0,21.0,21.0,21.0,21.0,20.0,21.0,21.0,20.0,20.818181818181817,0.40451991747794525,21.0,20.0,20.59,21.0,21.0
153,Aaron Naughton,Western Bulldogs,3.0,3.0,3.0,3.0,3.0,3.0,3.0,4.0,3.0,3.0,3.0,3.090909090909091,0.30151134457776363,3.0,3.0,3.0,3.0,3.549999999999999
281,Ryley Sanders,Western Bulldogs,3.0,3.0,3.0,3.0,3.0,3.0,3.0,3.0,3.0,3.0,3.0,3.0,0.0,3.0,3.0,3.0,3.0,3.0
148,Tom Liberatore,Western Bulldogs,3.0,3.0,3.0,3.0,3.0,3.0,3.0,2.0,3.0,3.0,3.0,2.909090909090909,0.30151134457776363,3.0,2.45,3.0,3.0,3.0
142,Matthew Kennedy,Western Bulldogs,3.0,3.0,3.0,2.0,2.0,3.0,3.0,3.0,3.0,3.0,3.0,2.8181818181818183,0.4045199174779452,3.0,2.0,2.59,3.0,3.0
154,Joel Freijah,Western Bulldogs,2.0,2.0,2.0,2.0,2.0,2.0,2.0,2.0,2.0,2.0,2.0,2.0,0.0,2.0,2.0,2.0,2.0,2.0
160,Bailey Dale,Western Bulldogs,2.0,2.0,2.0,2.0,2.0,2.0,2.0,2.0,2.0,2.0,2.0,2.0,0.0,2.0,2.0,2.0,2.0,2.0
143,Bailey Williams,Western Bulldogs,2.0,2.0,1.0,2.0,2.0,2.0,2.0,2.0,2.0,2.0,2.0,1.9090909090909092,0.30151134457776363,2.0,1.45,2.0,2.0,2.0
164,Sam Darcy,Western Bulldogs,1.0,1.0,1.0,1.0,1.0,1.0,1.0,1.0,1.0,1.0,1.0,1.0,0.0,1.0,1.0,1.0,1.0,1.0
161,Lachlan Bramble,Western Bulldogs,1.0,1.0,1.0,1.0,1.0,1.0,1.0,1.0,1.0,1.0,1.0,1.0,0.0,1.0,1.0,1.0,1.0,1.0
183,Jordan Croft,Western Bulldogs,0.0,0.0,0.0,0.0,0.0,0.0,0.0,0.0,0.0,0.0,0.0,0.0,0.0,0.0,0.0,0.0,0.0,0.0
181,Arthur Jones,Western Bulldogs,0.0,0.0,0.0,0.0,0.0,0.0,0.0,0.0,0.0,0.0,0.0,0.0,0.0,0.0,0.0,0.0,0.0,0.0
144,Tim English,Western Bulldogs,0.0,0.0,0.0,0.0,0.0,0.0,0.0,0.0,0.0,0.0,0.0,0.0,0.0,0.0,0.0,0.0,0.0,0.0
147,Connor Budarick,Western Bulldogs,0.0,0.0,0.0,0.0,0.0,0.0,0.0,0.0,0.0,0.0,0.0,0.0,0.0,0.0,0.0,0.0,0.0,0.0
150,Rory Lobb,Western Bulldogs,0.0,0.0,0.0,0.0,0.0,0.0,0.0,0.0,0.0,0.0,0.0,0.0,0.0,0.0,0.0,0.0,0.0,0.0
156,Lachie Jaques,Western Bulldogs,0.0,0.0,0.0,0.0,0.0,0.0,0.0,0.0,0.0,0.0,0.0,0.0,0.0,0.0,0.0,0.0,0.0,0.0
159,Rhylee West,Western Bulldogs,0.0,0.0,0.0,0.0,0.0,0.0,0.0,0.0,0.0,0.0,0.0,0.0,0.0,0.0,0.0,0.0,0.0,0.0
165,Sam Davidson,Western Bulldogs,0.0,0.0,0.0,0.0,0.0,0.0,0.0,0.0,0.0,0.0,0.0,0.0,0.0,0.0,0.0,0.0,0.0,0.0
168,Oskar Baker,Western Bulldogs,0.0,0.0,0.0,0.0,0.0,0.0,0.0,0.0,0.0,0.0,0.0,0.0,0.0,0.0,0.0,0.0,0.0,0.0
282,Will Lewis,Western Bulldogs,0.0,0.0,0.0,0.0,0.0,0.0,0.0,0.0,0.0,0.0,0.0,0.0,0.0,0.0,0.0,0.0,0.0,0.0
173,James O'Donnell,Western Bulldogs,0.0,0.0,0.0,0.0,0.0,0.0,0.0,0.0,0.0,0.0,0.0,0.0,0.0,0.0,0.0,0.0,0.0,0.0
172,Michael Sellwood,Western Bulldogs,0.0,0.0,0.0,0.0,0.0,0.0,0.0,0.0,0.0,0.0,0.0,0.0,0.0,0.0,0.0,0.0,0.0,0.0
663,Lachlan Carmichael,Western Bulldogs,0.0,0.0,0.0,0.0,0.0,0.0,0.0,0.0,0.0,0.0,0.0,0.0,0.0,0.0,0.0,0.0,0.0,0.0
594,Luke Cleary,Western Bulldogs,0.0,0.0,0.0,0.0,0.0,0.0,0.0,0.0,0.0,0.0,0.0,0.0,0.0,0.0,0.0,0.0,0.0,0.0
602,Cody Weightman,Western Bulldogs,0.0,0.0,0.0,0.0,0.0,0.0,0.0,0.0,0.0,0.0,0.0,0.0,0.0,0.0,0.0,0.0,0.0,0.0
505,Josh Dolan,Western Bulldogs,0.0,0.0,0.0,0.0,0.0,0.0,0.0,0.0,0.0,0.0,0.0,0.0,0.0,0.0,0.0,0.0,0.0,0.0
506,Lachlan McNeil,Western Bulldogs,0.0,0.0,0.0,0.0,0.0,0.0,0.0,0.0,0.0,0.0,0.0,0.0,0.0,0.0,0.0,0.0,0.0,0.0
543,Lachlan Smith,Western Bulldogs,0.0,0.0,0.0,0.0,0.0,0.0,0.0,0.0,0.0,0.0,0.0,0.0,0.0,0.0,0.0,0.0,0.0,0.0
542,Adam Treloar,Western Bulldogs,0.0,0.0,0.0,0.0,0.0,0.0,0.0,0.0,0.0,0.0,0.0,0.0,0.0,0.0,0.0,0.0,0.0,0.0
518,Harvey Gallagher,Western Bulldogs,0.0,0.0,0.0,0.0,0.0,0.0,0.0,0.0,0.0,0.0,0.0,0.0,0.0,0.0,0.0,0.0,0.0,0.0
519,Louis Emmett,Western Bulldogs,0.0,0.0,0.0,0.0,0.0,0.0,0.0,0.0,0.0,0.0,0.0,0.0,0.0,0.0,0.0,0.0,0.0,0.0
177,Buku Khamis,Western Bulldogs,0.0,0.0,0.0,0.0,0.0,0.0,0.0,0.0,0.0,0.0,0.0,0.0,0.0,0.0,0.0,0.0,0.0,0.0
178,Cooper Hynes,Western Bulldogs,0.0,0.0,0.0,0.0,0.0,0.0,0.0,0.0,0.0,0.0,0.0,0.0,0.0,0.0,0.0,0.0,0.0,0.0
544,Ryan Gardner,Western Bulldogs,0.0,0.0,0.0,0.0,0.0,0.0,0.0,0.0,0.0,0.0,0.0,0.0,0.0,0.0,0.0,0.0,0.0,0.0
554,Laitham Vandermeer,Western Bulldogs,0.0,0.0,0.0,0.0,0.0,0.0,0.0,0.0,0.0,0.0,0.0,0.0,0.0,0.0,0.0,0.0,0.0,0.0
555,Nick Coffield,Western Bulldogs,0.0,0.0,0.0,0.0,0.0,0.0,0.0,0.0,0.0,0.0,0.0,0.0,0.0,0.0,0.0,0.0,0.0,0.0
541,Jedd Busslinger,Western Bulldogs,0.0,0.0,0.0,0.0,0.0,0.0,0.0,0.0,0.0,0.0,0.0,0.0,0.0,0.0,0.0,0.0,0.0,0.0
613,Luke Kennedy,Western Bulldogs,0.0,0.0,0.0,0.0,0.0,0.0,0.0,0.0,0.0,0.0,0.0,0.0,0.0,0.0,0.0,0.0,0.0,0.0
