,PlayerName,Team,ExpectedVotes
657,Izak Rankine,Adelaide,18.775095985810257
659,Jordan Dawson,Adelaide,18.77235183152514
629,Wayne Milera,Adelaide,7.898201499658639
618,Sam Berry,Adelaide,7.61387954997751
599,Josh Rachele,Adelaide,4.927242550559243
586,Riley Thilthorpe,Adelaide,3.683399789647555
553,Darcy Fogarty,Adelaide,2.8197185929569892
589,Taylor Walker,Adelaide,2.3200970850410343
475,James Peatling,Adelaide,2.148456054640797
492,Rory Laird,Adelaide,1.7030343653380107
535,Mark Keane,Adelaide,1.650808151456188
483,Lachlan McAndrew,Adelaide,1.5539480997075792
512,Daniel Curtin,Adelaide,1.1198592341163034
234,Josh Worrell,Adelaide,1.0900885170341859
8,Alex Neal-Bullen,Adelaide,0.8708510489252668
33,Ben Keays,Adelaide,0.8669948766215492
49,Brayden Cook,Adelaide,0.6652164684748729
193,Jake Soligo,Adelaide,0.5681841532716833
282,Luke Nankervis,Adelaide,0.29496060340756225
147,Hugo Hall-Kahan,Adelaide,0.2715330926377295
407,Toby Murray,Adelaide,0.25332295574459096
151,Isaac Cumming,Adelaide,0.24547006696710216
37,Billy Dowling,Adelaide,0.1961003876877364
311,Max Michalanney,Adelaide,0.19474256826127512
226,Jordon Butts,Adelaide,0.16640059480436642
453,Zac Taylor,Adelaide,0.1506205867036059
195,James Borlase,Adelaide,0.1193445828862576
336,Nick Murray,Adelaide,0.07911664116724904
59,Callum Ah Chee,Adelaide,0.05881171277278019
283,Luke Pedlar,Adelaide,0.05659949403114406
353,Oscar Ryan,Adelaide,0.04624476807162137
145,Hugh Bond,Adelaide,0.018591635061827372
74,Chayce Jones,Adelaide,0.01834223548405467
360,Reilly OBrien,Adelaide,0.015245438385474097
71,Charlie Edwards,Adelaide,0.014931254585971998
117,Finnbar Maley,Adelaide,0.014579304523730019
22,Archie Ludowyke,Adelaide,0.005286305184790008
322,Mitchell Hinge,Adelaide,0.002800928690556481
664,Will Ashcroft,Brisbane,23.737343942807787
651,Lachie Neale,Brisbane,18.569931132642665
643,Zac Bailey,Brisbane,11.318370254046973
608,Logan Morris,Brisbane,6.02831492241787
583,Kai Lohmann,Brisbane,4.32650988278824
577,Darcy Wilmot,Brisbane,3.4078947298319084
555,Hugh McCluggage,Brisbane,3.3103750928546085
557,Jarrod Berry,Brisbane,2.815203458261478
529,Josh Dunkley,Brisbane,2.771662519487873
578,Harris Andrews,Brisbane,2.351140004744453
531,Levi Ashcroft,Brisbane,1.9657671264890162
102,Dayne Zorko,Brisbane,1.9120558436678161
508,Charlie Cameron,Brisbane,1.6754151982869552
544,Ryan Lester,Brisbane,1.308586904148568
63,Cam Rayner,Brisbane,0.8783529119565057
383,Sam Draper,Brisbane,0.6123009835472815
204,Jaspa Fletcher,Brisbane,0.6021942888274074
84,Conor McKenna,Brisbane,0.34313866910789803
55,Bruce Reville,Brisbane,0.28016363481262496
242,Keidean Coleman,Brisbane,0.27487313026564675
97,Darcy Fort,Brisbane,0.25473796023922135
352,Oscar Allen,Brisbane,0.12817727602687445
113,Eric Hipwood,Brisbane,0.12654427152511583
274,Lincoln McCarthy,Brisbane,0.12244315394989758
339,Noah Answerth,Brisbane,0.07432377962959591
98,Darcy Gardiner,Brisbane,0.07412091093339157
426,Ty Gallop,Brisbane,0.07011097254186593
200,James Tunstill,Brisbane,0.0662327951007553
101,Darragh Joyce,Brisbane,0.009587288739685396
396,Shadeau Brain,Brisbane,0.008499193750485134
387,Sam Marshall,Brisbane,0.007786658653965217
95,Daniel Annable,Brisbane,0.006198925364591101
460,Zane Zakostelsky,Brisbane,0.00443683194178679
79,Cody Curtin,Brisbane,0.0036749659646462263
439,Will McLachlan,Brisbane,0.0004156337423614209
661,Patrick Cripps,Carlton,20.62020084104389
641,Sam Walsh,Carlton,12.586875508065347
631,George Hewett,Carlton,11.566069270463222
626,Jagga Smith,Carlton,10.72533648327985
540,Oliver Florent,Carlton,3.664157556718045
519,Francis Evans,Carlton,3.4497073512489873
506,Ben Ainsworth,Carlton,3.2043711178339263
472,Harry McKay,Carlton,2.5556080783554673
485,Marc Pittonet,Carlton,2.11603544188586
546,Talor Byrne,Carlton,1.7384152166316216
436,Will Hayward,Carlton,1.388659773590064
464,Brodie Kemp,Carlton,1.1824143834695087
487,Matthew Carroll,Carlton,1.1662873732548724
40,Blake Acres,Carlton,1.1114852147879666
1,Adam Cerra,Carlton,0.9251577773893603
330,Nic Newman,Carlton,0.6200023570530534
333,Nick Haynes,Carlton,0.46427931105896236
39,Billy Wilson,Carlton,0.4442779080023336
317,Mitch McGovern,Carlton,0.42699147711034013
254,Lachlan Cowan,Carlton,0.3252574794383567
89,Cooper Lord,Carlton,0.2917873321079192
348,Oliver Hollands,Carlton,0.1758308975216808
110,Elijah Hollands,Carlton,0.1484693536500611
454,Zac Williams,Carlton,0.14618930263034524
430,Wade Derksen,Carlton,0.14582703639318928
302,Matthew Cottrell,Carlton,0.13996259208835293
265,Lewis Young,Carlton,0.1236022154937636
130,Harry Dean,Carlton,0.10199263492091093
182,Jacob Weitering,Carlton,0.0918265914997286
166,Jack Ison,Carlton,0.07056029135440212
272,Liam Reidy,Carlton,0.019687979058017224
65,Campbell Chesser,Carlton,0.014717700582743132
223,Jordan Boyd,Carlton,0.01444692989360441
120,Flynn Young,Carlton,0.010959153562608903
2,Adam Saad,Carlton,0.010388854447660467
25,Ashton Moir,Carlton,0.0042919801235467014
144,Hudson O'Keeffe,Carlton,0.004073699343488224
119,Flynn Riley,Carlton,0.002919986472567526
247,Lachie Fogarty,Carlton,0.0027773340152001946
667,Nick Daicos,Collingwood,36.53252262466355
614,Jordan de Goey,Collingwood,6.822899455169001
604,Darcy Cameron,Collingwood,6.66732909668103
615,Josh Daicos,Collingwood,5.524093729760936
570,Scott Pendlebury,Collingwood,3.546656628049961
576,Daniel McStay,Collingwood,3.5107458889998364
511,Dan Houston,Collingwood,2.8806241029940036
550,Beau McCreery,Collingwood,2.391371771053647
160,Jack Crisp,Collingwood,1.3742035439560842
495,Tim Membrey,Collingwood,1.2110659822138352
542,Patrick Lipinski,Collingwood,0.7485361422236185
250,Lachie Schultz,Collingwood,0.6332911947808285
108,Edward Allan,Collingwood,0.5428790045709587
478,Jeremy Howe,Collingwood,0.5321019054517632
397,Steele Sidebottom,Collingwood,0.5180798068358655
388,Sam Swadling,Collingwood,0.4189847495139739
369,Roan Steele,Collingwood,0.3923033255516768
51,Brayden Maynard,Collingwood,0.3827694860896843
326,Ned Long,Collingwood,0.37538842845263165
473,Harry Perryman,Collingwood,0.3441429465786975
203,Jamie Elliott,Collingwood,0.32098079126512535
154,Isaac Quaynor,Collingwood,0.2984981964224175
14,Angus Anderson,Collingwood,0.12653304695617884
38,Billy Frampton,Collingwood,0.10477530533011192
138,Harvey Harrison,Collingwood,0.04727193495289117
354,Oscar Steene,Collingwood,0.042583049907578
158,Jack Buller,Collingwood,0.03815682841068346
73,Charlie West,Collingwood,0.033915732210134664
444,William Hayes,Collingwood,0.023370224903882075
258,Lachlan Sullivan,Collingwood,0.009119304116619542
432,Wil Parker,Collingwood,0.008141106834648082
271,Liam Puncher,Collingwood,0.007764340720863738
319,Mitch Podhajski,Collingwood,0.006470026146609964
99,Darcy Moore,Collingwood,0.004320696345694874
340,Noah Howes,Collingwood,0.0031675806316016075
601,Zach Merrett,Essendon,5.800095643134017
594,Archie Roberts,Essendon,3.914746544868578
587,Sam Durham,Essendon,3.726875307330123
591,Darcy Parish,Essendon,3.315150027755329
539,Nick Bryan,Essendon,1.7536912253587276
501,Will Setterfield,Essendon,1.5148909111257693
359,Peter Wright,Essendon,1.3545374543193
538,Nate Caddy,Essendon,1.1571113373254154
456,Zach Reid,Essendon,0.6258755041174336
107,Dyson Sharp,Essendon,0.3679997101938648
152,Isaac Kako,Essendon,0.29855034223778354
399,Sullivan Robey,Essendon,0.28772129611430464
177,Jacob Farrow,Essendon,0.2859603467842241
238,Jye Caldwell,Essendon,0.25146327929613266
293,Mason Redman,Essendon,0.2242378919165985
12,Andrew McGrath,Essendon,0.21502396103325327
447,Xavier Duursma,Essendon,0.21430996961673499
111,Elijah Tsatas,Essendon,0.19467583239619146
246,Kyle Langford,Essendon,0.1550380123444305
207,Jaxon Prior,Essendon,0.1285049436682626
34,Ben McKay,Essendon,0.07248506672406807
20,Archer May,Essendon,0.06249637687880227
23,Archie Perkins,Essendon,0.062189257200333636
19,Archer Day-Wicks,Essendon,0.05955518302598806
225,Jordan Ridley,Essendon,0.04641172907617541
429,Vigo Visentini,Essendon,0.03171916507879513
252,Lachlan Blakiston,Essendon,0.029100578240404462
375,Saad El-Hawli,Essendon,0.027129397569128022
457,Zak Johnson,Essendon,0.025865712543861052
15,Angus Clarke,Essendon,0.02446884974454755
338,Nik Cox,Essendon,0.023957076360634377
402,Thomas Edwards,Essendon,0.023818483592053075
183,Jade Gresham,Essendon,0.023423291974675298
150,Hussien El Achkar,Essendon,0.020200817058977028
206,Jaxon Artemis,Essendon,0.016727210665932524
50,Brayden Fiorini,Essendon,0.013174104822556099
310,Max Kondogiannis,Essendon,0.012447097135420693
125,Harrison Jones,Essendon,0.006851101779412727
210,Jayden Nguyen,Essendon,0.006149192340956344
365,Rhys Unwin,Essendon,0.00409835119108537
297,Matt Guelfi,Essendon,0.0011464523677271465
660,Luke Jackson,Fremantle,16.903722593681366
645,Caleb Serong,Fremantle,13.111407029081121
642,Shai Bolton,Fremantle,12.64722619183043
630,Andrew Brayshaw,Fremantle,10.289912570366157
639,Murphy Reid,Fremantle,9.223565266548526
621,Josh Treacy,Fremantle,8.58948426173746
616,Jye Amiss,Fremantle,6.398954871033964
567,Patrick Voss,Fremantle,4.1857220291529575
561,Jordan Clark,Fremantle,3.13259664076798
563,Karl Worner,Fremantle,3.1191843085202877
565,Matthew Johnson,Fremantle,2.3596078936947267
141,Hayden Young,Fremantle,1.6554658998290028
533,Luke Ryan,Fremantle,1.6134468591982052
541,Oscar McDonald,Fremantle,1.1185205731902206
313,Michael Frederick,Fremantle,0.9052203471862713
329,Neil Erasmus,Fremantle,0.7899758598965744
142,Heath Chapman,Fremantle,0.4636919898259271
325,Nathan O'Driscoll,Fremantle,0.4283773789956038
389,Sam Switkowski,Fremantle,0.3798395999893722
91,Corey Wagner,Fremantle,0.27880408766614007
235,Judd McVee,Fremantle,0.2677143874149629
155,Isaiah Dudley,Fremantle,0.2474751115344801
52,Brennan Cox,Fremantle,0.19949895696270992
9,Alex Pearce,Fremantle,0.1867841695078779
292,Mason Cox,Fremantle,0.09459915767896132
184,Jaeger OMeara,Fremantle,0.0932936970604974
394,Sean Darcy,Fremantle,0.03152631109913406
77,Christopher Scerri,Fremantle,0.029075221939778073
213,Jeremy Sharp,Fremantle,0.018539758251127747
410,Tobyn Murray,Fremantle,0.005398066710255667
26,Bailey Banfield,Fremantle,0.0032801308344906355
47,Brandon Walker,Fremantle,0.0008365058050591179
665,Bailey Smith,Geelong,24.708097732448287
649,Max Holmes,Geelong,12.64265380775794
634,Shaun Mannagh,Geelong,10.008230499093724
593,Oliver Dempsey,Geelong,5.627098917261914
559,Jeremy Cameron,Geelong,3.5707804131281518
588,Tanner Bruhn,Geelong,3.1664106781113057
530,Lawson Humphries,Geelong,2.959013678251969
584,Patrick Dangerfield,Geelong,2.4389148847080113
571,Shannon Neale,Geelong,2.0106860706951437
500,Tom Stewart,Geelong,1.96453216957351
413,Tom Atkins,Geelong,1.6186753107330154
552,Connor O'Sullivan,Geelong,1.3908423287238214
471,Gryan Miers,Geelong,1.2630441338869431
486,Mark Blicavs,Geelong,1.1442807018660996
490,Oliver Henry,Geelong,0.6922669034765659
343,Oisin Mullin,Geelong,0.5713370389156505
201,James Worpel,Geelong,0.5325119635746052
382,Sam De Koning,Geelong,0.4813115563048791
455,Zach Guthrie,Geelong,0.31656269463818276
291,Mark OConnor,Geelong,0.23200257549796766
169,Jack Martin,Geelong,0.2067781991928591
156,Jack Bowes,Geelong,0.18917767113640083
216,Jhye Clark,Geelong,0.17264680651450692
321,Mitchell Edwards,Geelong,0.1608467697856083
349,Oliver Wiltshire,Geelong,0.12254695427435691
163,Jack Henry,Geelong,0.09655556031233592
44,Brad Close,Geelong,0.09433871688854567
208,Jay Polkinghorne,Geelong,0.0530569677746916
364,Rhys Stanley,Geelong,0.03668586850674138
187,Jake Kolodjashnij,Geelong,0.033566100143918365
121,George Stevens,Geelong,0.01471949897110636
316,Mitch Knevitt,Geelong,0.005024580087676034
636,Christian Petracca,Gold Coast,10.450537649849835
617,Noah Anderson,Gold Coast,9.365459437758432
627,Matt Rowell,Gold Coast,9.028295123401215
613,John Noble,Gold Coast,7.8163295849667
624,Touk Miller,Gold Coast,6.9918428695695
595,Bodhi Uwland,Gold Coast,5.432236657427782
525,Jarrod Witts,Gold Coast,2.1321661949785695
513,Daniel Rioli,Gold Coast,1.6791691593504203
548,Bailey Humphrey,Gold Coast,1.276861518344015
461,Ben King,Gold Coast,1.1257779828708685
547,Zeke Uwland,Gold Coast,0.8146573582776991
287,Mac Andrew,Gold Coast,0.6651568692457966
221,Joel Jeffrey,Gold Coast,0.5727731181061951
462,Ben Long,Gold Coast,0.4944051095100338
379,Sam Collins,Gold Coast,0.46885997103658705
327,Ned Moyle,Gold Coast,0.3718574159903203
433,Wil Powell,Gold Coast,0.36744505130784333
114,Ethan Read,Gold Coast,0.21790430417920204
263,Leonardo Lombard,Gold Coast,0.2170402297520434
251,Lachie Weller,Gold Coast,0.19887114608788548
7,Alex Davies,Gold Coast,0.18663016698131552
378,Sam Clohesy,Gold Coast,0.1330416768663354
211,Jed Walter,Gold Coast,0.10681049559988343
435,Will Graham,Gold Coast,0.08170898984125141
255,Lachlan Gulbin,Gold Coast,0.05821723284985503
31,Beau Addinsall,Gold Coast,0.05231207133184068
192,Jake Rogers,Gold Coast,0.03839217316126253
69,Charlie Ballard,Gold Coast,0.02977784922710891
351,Oscar Adams,Gold Coast,0.028115751058359506
334,Nick Holman,Gold Coast,0.027272777799839498
186,Jai Murray,Gold Coast,0.02318699771366506
194,Jamarra Ugle-Hagan,Gold Coast,0.010798490933259797
32,Ben Jepson,Gold Coast,0.00943850508445443
106,Dylan Patterson,Gold Coast,0.004918182416404293
237,Jy Farrar,Gold Coast,0.004555021603890874
58,Caleb Lewis,Gold Coast,0.0005072190866665105
644,Clayton Oliver,Greater Western Sydney,11.390478040440522
623,Toby Greene,Greater Western Sydney,8.637431951632273
596,Finn Callaghan,Greater Western Sydney,8.135029050414442
600,Lachie Ash,Greater Western Sydney,6.119560705166238
592,Jake Stringer,Greater Western Sydney,5.43530253136615
607,Lachie Whitfield,Greater Western Sydney,5.111380565480926
545,Stephen Coniglio,Greater Western Sydney,2.8656045869425997
543,Phoenix Gothard,Greater Western Sydney,1.701445356599033
53,Brent Daniels,Greater Western Sydney,1.5677679412425776
467,Connor Idun,Greater Western Sydney,1.5199316836824308
521,Harvey Thomas,Greater Western Sydney,1.3409188115938484
243,Kieren Briggs,Greater Western Sydney,0.596267001260342
219,Joe Fonti,Greater Western Sydney,0.5639485508287222
405,Toby Bedford,Greater Western Sydney,0.5188595799586555
0,Aaron Cadman,Greater Western Sydney,0.46157544123346617
60,Callum Brown,Greater Western Sydney,0.3421515062025653
132,Harry Himmelberg,Greater Western Sydney,0.32229181394033335
191,Jake Riccardi,Greater Western Sydney,0.3109567479005749
390,Sam Taylor,Greater Western Sydney,0.29642947096287386
371,Ryan Angwin,Greater Western Sydney,0.26780008457406745
331,Nicholas Madden,Greater Western Sydney,0.18304577826997748
209,Jayden Laverde,Greater Western Sydney,0.16651043864357062
449,Xavier O'Halloran,Greater Western Sydney,0.14630429016763924
307,Max Gruzewski,Greater Western Sydney,0.12880532833647595
135,Harry Rowston,Greater Western Sydney,0.10789668478055281
215,Jesse Hogan,Greater Western Sydney,0.07810462136406549
85,Conor Stone,Greater Western Sydney,0.05522171793575337
227,Josaia Delana,Greater Western Sydney,0.0392866662985939
157,Jack Buckley,Greater Western Sydney,0.03311272869777371
262,Leek Aleer,Greater Western Sydney,0.0318851939136936
170,Jack Ough,Greater Western Sydney,0.028333166730692416
367,Riley Hamilton,Greater Western Sydney,0.026617163587174253
346,Oliver Hannaford,Greater Western Sydney,0.02284235481641672
406,Toby McMullin,Greater Western Sydney,0.02113740694920241
197,James Leake,Greater Western Sydney,0.012491419869966713
126,Harrison Oliver,Greater Western Sydney,0.009760744704223612
78,Cody Angove,Greater Western Sydney,0.005317760977426533
658,Jai Newcombe,Hawthorn,17.728755857538296
633,Jarman Impey,Hawthorn,8.630496074437424
625,Connor Macdonald,Hawthorn,8.55250276047948
597,Jack Gunston,Hawthorn,5.105445023701917
579,Jack Ginnivan,Hawthorn,4.6062963523659315
610,Nick Watson,Hawthorn,4.365531077778023
562,Josh Ward,Hawthorn,4.290134334656907
590,Will Day,Hawthorn,3.513901959431493
582,James Sicily,Hawthorn,3.449051762163359
575,Cam Mackenzie,Hawthorn,2.9965252677359606
514,Dylan Moore,Hawthorn,2.984766049588502
574,Blake Hardwick,Hawthorn,2.6721254351055093
489,Mitch Lewis,Hawthorn,2.261367649085845
480,Josh Battle,Hawthorn,1.9744288520590076
564,Lloyd Meek,Hawthorn,1.9146113538440537
295,Massimo DAmbrosio,Hawthorn,1.2708936120480332
241,Karl Amon,Hawthorn,1.0659541804927928
509,Conor Nash,Hawthorn,0.8644897794465007
286,Mabior Chol,Hawthorn,0.62273105660038
134,Harry Morrison,Hawthorn,0.618418705165947
233,Josh Weddle,Hawthorn,0.3632603431078886
414,Tom Barrass,Hawthorn,0.30831830628818035
328,Ned Reeves,Hawthorn,0.21155520361300328
116,Finn Maginness,Hawthorn,0.1993985955233306
171,Jack Scrimshaw,Hawthorn,0.16486842607570962
341,Noah Mraz,Hawthorn,0.07061789946643626
377,Sam Butler,Hawthorn,0.07026289535284613
28,Bailey Macdonald,Hawthorn,0.06352119922501887
306,Max Beattie,Hawthorn,0.06086916949681265
161,Jack Dalton,Hawthorn,0.05339614133559034
62,Calsher Dear,Hawthorn,0.04109585928361248
345,Oliver Greeves,Hawthorn,0.029167654537425203
118,Flynn Perez,Hawthorn,0.021952026574204364
64,Cameron Nairn,Hawthorn,0.014098822409652434
143,Henry Hustwaite,Hawthorn,0.01209606728230539
445,William McCabe,Hawthorn,0.011996519339502187
43,Bodie Ryan,Hawthorn,0.00820521806140384
312,Max Ramsden,Hawthorn,0.004123720547639098
298,Matt Hill,Hawthorn,0.003371730789151428
6,Aidan Schubert,Hawthorn,0.0021606857874257868
663,Max Gawn,Melbourne,22.672464110872767
650,Kysaiah Pickett,Melbourne,17.546763677269276
635,Tom Sparrow,Melbourne,10.84113396674018
632,Jacob van Rooyen,Melbourne,8.93195157908743
606,Kade Chandler,Melbourne,5.723059789884969
581,Jack Steele,Melbourne,5.475585285494794
554,Harvey Langford,Melbourne,3.304440014395391
505,Bayley Fritsch,Melbourne,2.632330696774644
556,Jake Bowey,Melbourne,2.324017227178904
516,Ed Langdon,Melbourne,2.252548474216216
520,Harry Petty,Melbourne,2.140786242883114
527,Joel Fitzgerald,Melbourne,1.6082477472193226
465,Caleb Windsor,Melbourne,1.3026584905528606
469,Daniel Turner,Melbourne,1.1821066719267503
474,Harry Sharp,Melbourne,0.678599553380215
244,Koltyn Tholstrup,Melbourne,0.6497291906550396
188,Jake Lever,Melbourne,0.6047894023293032
425,Trent Rivers,Melbourne,0.5484991058250297
68,Changkuoth Jiath,Melbourne,0.34585262643330894
27,Bailey Laurie,Melbourne,0.3369499571413822
303,Matthew Jefferson,Melbourne,0.26087908824999995
41,Blake Howes,Melbourne,0.23832939079850424
76,Christian Salem,Melbourne,0.13924502484722634
54,Brody Mihocek,Melbourne,0.11272789606659839
190,Jake Melksham,Melbourne,0.10792059717721658
185,Jai Culley,Melbourne,0.08166852764527632
261,Latrelle Pickett,Melbourne,0.049720003035465754
356,Paddy Cross,Melbourne,0.04942776067680488
448,Xavier Lindsay,Melbourne,0.046982066281257895
423,Tom McDonald,Melbourne,0.037953569632515616
308,Max Heath,Melbourne,0.03782777164138895
285,Luker Kentfield,Melbourne,0.004845753547104592
450,Xavier Taylor,Melbourne,0.004249776736453104
278,Lukas Cooke,Melbourne,0.003508604842911933
5,Aidan Johnson,Melbourne,0.003365000996718992
13,Andy Moniz-Wakefield,Melbourne,0.002646207383388166
655,Harry Sheezel,North Melbourne,13.48460847463105
648,Luke Davies-Uniacke,North Melbourne,10.689133891362223
619,Tristan Xerri,North Melbourne,6.159391138058998
611,Caleb Daniel,North Melbourne,5.727810248503005
484,Luke Parker,North Melbourne,2.8121719665501983
585,Paul Curtis,North Melbourne,2.7668265697506333
481,Jy Simpkin,North Melbourne,2.6424822019453247
515,Dylan Stephens,North Melbourne,1.7871405166490852
518,Finn O'Sullivan,North Melbourne,1.5708469073268496
551,Charlie Comben,North Melbourne,1.3450955390066501
81,Colby McKercher,North Melbourne,1.3405520768830699
510,Cooper Trembath,North Melbourne,1.2615588635120567
522,Jack Darling,North Melbourne,1.1107127771702543
335,Nick Larkey,North Melbourne,0.6448392896709525
466,Cameron Zurhaar,North Melbourne,0.6037926217164078
122,George Wardlaw,North Melbourne,0.42480112791576374
415,Tom Blamires,North Melbourne,0.19553667207241965
281,Luke McDonald,North Melbourne,0.1569298659415722
424,Tom Powell,North Melbourne,0.13219751610254882
72,Charlie Spargo,North Melbourne,0.09343674968399474
458,Zane Duursma,North Melbourne,0.08136504004805412
179,Jacob Konstanty,North Melbourne,0.06836618219700008
87,Cooper Harvey,North Melbourne,0.06771743061154079
123,Griffin Logue,North Melbourne,0.05048756317177083
4,Aidan Corr,North Melbourne,0.03885167414744217
451,Zac Banch,North Melbourne,0.03709145369673228
409,Toby Pink,North Melbourne,0.029206710530850333
61,Callum Coleman-Jones,North Melbourne,0.02201340163792187
368,Riley Hardeman,North Melbourne,0.02061981217144626
230,Josh Goater,North Melbourne,0.015905372524013472
431,Wil Dawson,North Melbourne,0.011940169158834002
259,Lachy Dovaston,North Melbourne,0.01123355931620773
29,Bailey Scott,North Melbourne,0.008721695469172563
401,Taylor Goad,North Melbourne,0.0020977043727223865
300,Matt Whitlock,North Melbourne,0.002089103982229612
452,Zac Fisher,North Melbourne,0.0018579567224511484
656,Jason Horne-Francis,Port Adelaide,15.740400079568952
653,Zak Butters,Port Adelaide,14.494094494438892
558,Jase Burgoyne,Port Adelaide,3.9139596723629015
526,Joe Richards,Port Adelaide,3.104850580756656
537,Mitch Georgiades,Port Adelaide,2.8467548987163056
573,Aliir Aliir,Port Adelaide,2.5301831573494287
479,Jordon Sweet,Port Adelaide,1.9371494847680641
470,Darcy Byrne-Jones,Port Adelaide,1.5736065362547231
491,Ollie Wines,Port Adelaide,1.4083305229546217
239,Kane Farrell,Port Adelaide,0.9080633636215103
517,Esava Ratugolea,Port Adelaide,0.7330021901100964
440,Willem Drew,Port Adelaide,0.5212599615619052
315,Miles Bergman,Port Adelaide,0.33058229902356306
275,Logan Evans,Port Adelaide,0.21551293240250546
167,Jack Lukosius,Port Adelaide,0.21093966671592457
218,Joe Berry,Port Adelaide,0.2050989324705289
174,Jack Whitlock,Port Adelaide,0.1669037613523323
75,Christian Moraes,Port Adelaide,0.1543374471208402
90,Corey Durdin,Port Adelaide,0.12537377438802555
173,Jack Watkins,Port Adelaide,0.11283104896228813
249,Lachie Jones,Port Adelaide,0.08449526448841593
181,Jacob Wehr,Port Adelaide,0.07725780818550665
231,Josh Lai,Port Adelaide,0.07070211946576077
115,Ewan Mackinlay,Port Adelaide,0.059886981942261275
411,Todd Marshall,Port Adelaide,0.048063652713223215
434,Will Brodie,Port Adelaide,0.046001652397393955
83,Connor Rozee,Port Adelaide,0.04295747749140355
176,Jackson Mead,Port Adelaide,0.041424256591198194
96,Dante Visentini,Port Adelaide,0.03906553283216718
438,Will Lorenz,Port Adelaide,0.03278423758460214
446,Xavier Bamert,Port Adelaide,0.032485063048022345
320,Mitch Zadow,Port Adelaide,0.020315974949940308
412,Tom Anastasopoulos,Port Adelaide,0.011313868729323384
10,Alex Van Wyk,Port Adelaide,0.009815013591029875
418,Tom Cochrane,Port Adelaide,0.00891598394260762
30,Balyn O'Brien,Port Adelaide,0.005545266185298825
127,Harrison Ramm,Port Adelaide,0.003992904409960363
48,Brandon Zerk-Thatcher,Port Adelaide,0.0033799954328813664
350,Ollie Lord,Port Adelaide,0.0007762516834229904
628,Tim Taranto,Richmond,7.172931331248685
566,Noah Balta,Richmond,3.082233830198501
580,Jack Ross,Richmond,2.2374797872209222
477,Jayden Short,Richmond,2.0209495541297544
395,Seth Campbell,Richmond,1.2255418022201836
240,Kane McAuliffe,Richmond,0.9510226151409087
357,Patrick Retschko,Richmond,0.40898133072474174
408,Toby Nankervis,Richmond,0.3824108199345624
422,Tom Lynch,Richmond,0.35095039017666163
386,Sam Lalor,Richmond,0.2861936779101192
104,Dion Prestia,Richmond,0.2571200711636743
337,Nick Vlastuin,Richmond,0.22557221289700824
416,Tom Brown,Richmond,0.21313823857229652
178,Jacob Hopper,Richmond,0.1864796746466968
428,Tyler Sonsie,Richmond,0.16310478049324495
380,Sam Cumming,Richmond,0.15122970273160796
35,Ben Miller,Richmond,0.13035697780873756
376,Sam Banks,Richmond,0.12596508376284543
199,James Trezise,Richmond,0.12342781480937026
148,Hugo Ralphsmith,Richmond,0.11230468050393883
323,Mykelti Lefau,Richmond,0.10160688250562522
398,Steely Green,Richmond,0.1003361801824425
385,Sam Grlj,Richmond,0.07823351387136201
324,Nathan Broad,Richmond,0.07508522689450636
362,Rhyan Mansell,Richmond,0.06712741363369745
400,Taj Hotton,Richmond,0.05863770892803577
284,Luke Trainor,Richmond,0.05792984438132531
222,Jonty Faull,Richmond,0.03998327346918529
205,Jasper Alger,Richmond,0.024855572250526703
268,Liam Fawcett,Richmond,0.018868138875499207
245,Kye Annand,Richmond,0.017129428093253907
392,Samson Ryan,Richmond,0.015161134925081199
347,Oliver Hayes-Brown,Richmond,0.014094687994950283
66,Campbell Gray,Richmond,0.012605998069417423
305,Maurice Rioli,Richmond,0.012184845514582654
417,Tom Burton,Richmond,0.008805909639041931
342,Noah Roberts-Thomson,Richmond,0.0051798339595945375
236,Judson Clarke,Richmond,0.0032362479858107918
459,Zane Peucker,Richmond,0.0020496647236880605
229,Josh Gibcus,Richmond,0.0019482046399998953
128,Harry Armstrong,Richmond,0.0014873330381723893
652,Nasiah Wanganeen-Milera,St Kilda,17.40757589020804
638,Max Hall,St Kilda,11.7831132153768
622,Rowan Marshall,St Kilda,8.208576704598999
612,Hugo Garcia,St Kilda,8.020941629572214
603,Callum Wilkie,St Kilda,6.098696735354513
602,Bradley Hill,St Kilda,5.691882932993211
598,Jack Sinclair,St Kilda,3.9729789583090893
532,Liam Ryan,St Kilda,2.123749278251348
468,Cooper Sharman,St Kilda,1.8332860737362102
100,Darcy Wilson,St Kilda,1.4964786539318469
318,Mitch Owens,St Kilda,1.0949650227825571
290,Marcus Windhager,St Kilda,0.9789698598644567
168,Jack Macrae,St Kilda,0.9653293903617535
164,Jack Higgins,St Kilda,0.8808343420313833
384,Sam Flanders,St Kilda,0.8322465745033696
496,Tom De Koning,St Kilda,0.6995711292308823
301,Mattaes Phillipou,St Kilda,0.5051783088441938
294,Mason Wood,St Kilda,0.4311503196602141
172,Jack Silvagni,St Kilda,0.4136942590512128
159,Jack Carroll,St Kilda,0.25201557255767004
269,Liam Henry,St Kilda,0.1229949215742635
372,Ryan Byrnes,St Kilda,0.12068223453154392
146,Hugh Boxshall,St Kilda,0.11503575985639158
273,Liam Stocker,St Kilda,0.10938448399065903
18,Anthony Caminiti,St Kilda,0.06107823395996481
93,Dan Butler,St Kilda,0.05580605723033183
105,Dougal Howard,St Kilda,0.03816605697546682
67,Campbell Lake,St Kilda,0.034786721733268466
149,Hunter Clark,St Kilda,0.03318111674678348
270,Liam O'Connell,St Kilda,0.028227727032279826
11,Alix Tauru,St Kilda,0.02681400623219199
404,Tobie Travaglia,St Kilda,0.017249424543726022
16,Angus Hastie,St Kilda,0.015556026519820798
70,Charlie Banfield,St Kilda,0.015380632302138375
153,Isaac Keeler,St Kilda,0.00349155046909011
309,Max King,St Kilda,0.000351079544066657
662,Isaac Heeney,Sydney,21.94960916351794
646,Brodie Grundy,Sydney,15.912688073806414
647,Errol Gulden,Sydney,14.031163063812167
640,Chad Warner,Sydney,13.112347786494887
620,Charlie Curnow,Sydney,7.628832734277895
609,Nick Blakey,Sydney,6.766283275890238
605,Justin McInerney,Sydney,5.947618880328859
499,Tom Papley,Sydney,2.716800278113499
507,Callum Mills,Sydney,2.1089428938334094
498,Tom McCartin,Sydney,2.108843567505251
523,Jai Serong,Sydney,1.7850789728899188
534,Malcolm Rosas,Sydney,1.7271887884095893
560,Joel Amartey,Sydney,1.6878435929367344
476,James Rowbottom,Sydney,1.6506000071055626
366,Riley Bice,Sydney,1.1637933584931626
189,Jake Lloyd,Sydney,0.7961211142804417
276,Logan McDonald,Sydney,0.7508937534622478
17,Angus Sheldrick,Sydney,0.6646671007467728
299,Matt Roberts,Sydney,0.5318921738772839
463,Braeden Campbell,Sydney,0.38987438531652896
196,James Jordon,Sydney,0.33444253416736447
391,Sam Wicks,Sydney,0.2759583915490248
214,Jesse Dattoli,Sydney,0.22635898563523638
358,Peter Ladhams,Sydney,0.21753321528737524
140,Hayden McLean,Sydney,0.21312668702879578
36,Billy Cootee,Sydney,0.1483860991467072
57,Caiden Cleary,Sydney,0.12123977988460055
94,Dane Rampe,Sydney,0.09014828237434835
129,Harry Cunningham,Sydney,0.08032166920834183
442,William Edwards,Sydney,0.04653703664858566
264,Lewis Melican,Sydney,0.04125951603147293
133,Harry Kyle,Sydney,0.036441178910421645
421,Tom Hanily,Sydney,0.02940939231493489
220,Joel Hamling,Sydney,0.027499635326594718
443,William Green,Sydney,0.018171182638214045
92,Corey Warner,Sydney,0.015635135483501483
637,Harley Reid,West Coast,9.491132323600663
549,Bailey Williams,West Coast,3.178674139522296
524,Jake Waterman,West Coast,2.6393671123367413
494,Tim Kelly,West Coast,2.187534224110553
497,Tom McCarthy,West Coast,1.5939694859435827
488,Milan Murdock,West Coast,1.5778333263558162
568,Reuben Ginbey,West Coast,1.1247179287730815
112,Elliot Yeo,West Coast,0.8528680446804333
441,Willem Duursma,West Coast,0.7993456445588771
289,Marcus Herbert,West Coast,0.5130183290010243
267,Liam Duggan,West Coast,0.270258471383757
266,Liam Baker,West Coast,0.23935755208048015
162,Jack Graham,West Coast,0.2079781835545843
427,Tylar Young,West Coast,0.1965705986326307
217,Jobe Shanahan,West Coast,0.1814377556757052
232,Josh Lindsay,West Coast,0.18108061493859284
45,Brady Hough,West Coast,0.11802792583509603
42,Bo Allan,West Coast,0.11258585295342383
124,Hamish Davis,West Coast,0.10353915503948441
374,Ryan Maric,West Coast,0.09862772082198779
419,Tom Cole,West Coast,0.08388159643589554
103,Deven Robertson,West Coast,0.08309897471494199
175,Jack Williams,West Coast,0.05123453167330283
344,Oliver Francou,West Coast,0.04703582642054471
361,Rhett Bazzo,West Coast,0.037493504555871415
86,Cooper Duff-Tytler,West Coast,0.03674674816458956
46,Brandon Starcevich,West Coast,0.03609456615396678
296,Matt Flynn,West Coast,0.034490928471452076
202,Jamie Cripps,West Coast,0.016372460365371544
420,Tom Gross,West Coast,0.016242392431640162
136,Harry Schoenberg,West Coast,0.015677978099944978
139,Harvey Johnston,West Coast,0.014778968067180043
288,Malakai Champion,West Coast,0.013968830732903892
109,Elijah Hewett,West Coast,0.012072798846383681
165,Jack Hutchinson,West Coast,0.011586904905366735
304,Matthew Owies,West Coast,0.010418002072610788
21,Archer Reid,West Coast,0.009191825438182977
393,Sandy Brock,West Coast,0.004687369293610022
180,Jacob Newton,West Coast,0.0038986812090556766
131,Harry Edwards,West Coast,0.0004024811673265516
666,Marcus Bontempelli,Western Bulldogs,27.837345564021756
654,Ed Richards,Western Bulldogs,16.272590124844864
536,Matthew Kennedy,Western Bulldogs,4.692341665549681
503,Bailey Dale,Western Bulldogs,4.246673349721639
572,Tom Liberatore,Western Bulldogs,3.2923542279782985
528,Joel Freijah,Western Bulldogs,2.9355900515418827
502,Aaron Naughton,Western Bulldogs,2.8112646011556954
569,Ryley Sanders,Western Bulldogs,2.6854804879338747
504,Bailey Williams,Western Bulldogs,2.534667026590534
403,Tim English,Western Bulldogs,1.315460218791391
482,Lachlan Bramble,Western Bulldogs,0.6189160255217943
493,Sam Darcy,Western Bulldogs,0.5195205818221413
370,Rory Lobb,Western Bulldogs,0.3585555352070129
363,Rhylee West,Western Bulldogs,0.33061721224909024
82,Connor Budarick,Western Bulldogs,0.2967124907556652
24,Arthur Jones,Western Bulldogs,0.25357588632454486
314,Michael Sellwood,Western Bulldogs,0.23279651583791694
88,Cooper Hynes,Western Bulldogs,0.21300634268510144
248,Lachie Jaques,Western Bulldogs,0.2089129272681879
381,Sam Davidson,Western Bulldogs,0.11668785736720477
56,Buku Khamis,Western Bulldogs,0.114550583652267
437,Will Lewis,Western Bulldogs,0.10545559091492562
80,Cody Weightman,Western Bulldogs,0.09456817149769825
355,Oskar Baker,Western Bulldogs,0.08595624796732382
198,James O'Donnell,Western Bulldogs,0.07796130311811844
332,Nick Coffield,Western Bulldogs,0.07679619325030018
228,Josh Dolan,Western Bulldogs,0.0672614654936432
224,Jordan Croft,Western Bulldogs,0.06558934038513609
3,Adam Treloar,Western Bulldogs,0.06348649739197276
256,Lachlan McNeil,Western Bulldogs,0.06277204267699488
212,Jedd Busslinger,Western Bulldogs,0.057485838436604264
280,Luke Kennedy,Western Bulldogs,0.022463004248648333
137,Harvey Gallagher,Western Bulldogs,0.006049305825444273
277,Louis Emmett,Western Bulldogs,0.005825069856678411
257,Lachlan Smith,Western Bulldogs,0.005138993480824805
260,Laitham Vandermeer,Western Bulldogs,0.0041670636879542755
279,Luke Cleary,Western Bulldogs,0.003726061568111283
373,Ryan Gardner,Western Bulldogs,0.0018884358543288515
253,Lachlan Carmichael,Western Bulldogs,0.0016324173274055997
