,Name,Team,Sample 0,Mean,Std,Median,5th,16th,84th,95th
434,Izak Rankine,Adelaide,22.0,22.0,,22.0,22.0,22.0,22.0,22.0
323,Jordan Dawson,Adelaide,22.0,22.0,,22.0,22.0,22.0,22.0,22.0
320,Sam Berry,Adelaide,10.0,10.0,,10.0,10.0,10.0,10.0,10.0
314,Wayne Milera,Adelaide,7.0,7.0,,7.0,7.0,7.0,7.0,7.0
318,Josh Rachele,Adelaide,5.0,5.0,,5.0,5.0,5.0,5.0,5.0
315,Riley Thilthorpe,Adelaide,4.0,4.0,,4.0,4.0,4.0,4.0,4.0
325,Taylor Walker,Adelaide,4.0,4.0,,4.0,4.0,4.0,4.0,4.0
328,Darcy Fogarty,Adelaide,3.0,3.0,,3.0,3.0,3.0,3.0,3.0
324,James Peatling,Adelaide,3.0,3.0,,3.0,3.0,3.0,3.0,3.0
626,Mark Keane,Adelaide,3.0,3.0,,3.0,3.0,3.0,3.0,3.0
319,Rory Laird,Adelaide,1.0,1.0,,1.0,1.0,1.0,1.0,1.0
556,Daniel Curtin,Adelaide,1.0,1.0,,1.0,1.0,1.0,1.0,1.0
327,Lachlan McAndrew,Adelaide,1.0,1.0,,1.0,1.0,1.0,1.0,1.0
322,Isaac Cumming,Adelaide,0.0,0.0,,0.0,0.0,0.0,0.0,0.0
321,Brayden Cook,Adelaide,0.0,0.0,,0.0,0.0,0.0,0.0,0.0
316,Alex Neal-Bullen,Adelaide,0.0,0.0,,0.0,0.0,0.0,0.0,0.0
317,Josh Worrell,Adelaide,0.0,0.0,,0.0,0.0,0.0,0.0,0.0
326,Jake Soligo,Adelaide,0.0,0.0,,0.0,0.0,0.0,0.0,0.0
331,Nick Murray,Adelaide,0.0,0.0,,0.0,0.0,0.0,0.0,0.0
332,Hugh Bond,Adelaide,0.0,0.0,,0.0,0.0,0.0,0.0,0.0
333,Luke Pedlar,Adelaide,0.0,0.0,,0.0,0.0,0.0,0.0,0.0
335,Jordon Butts,Adelaide,0.0,0.0,,0.0,0.0,0.0,0.0,0.0
336,Toby Murray,Adelaide,0.0,0.0,,0.0,0.0,0.0,0.0,0.0
329,Max Michalanney,Adelaide,0.0,0.0,,0.0,0.0,0.0,0.0,0.0
330,Ben Keays,Adelaide,0.0,0.0,,0.0,0.0,0.0,0.0,0.0
454,Finnbar Maley,Adelaide,0.0,0.0,,0.0,0.0,0.0,0.0,0.0
453,Luke Nankervis,Adelaide,0.0,0.0,,0.0,0.0,0.0,0.0,0.0
601,Hugo Hall-Kahan,Adelaide,0.0,0.0,,0.0,0.0,0.0,0.0,0.0
489,James Borlase,Adelaide,0.0,0.0,,0.0,0.0,0.0,0.0,0.0
451,Zac Taylor,Adelaide,0.0,0.0,,0.0,0.0,0.0,0.0,0.0
490,Reilly OBrien,Adelaide,0.0,0.0,,0.0,0.0,0.0,0.0,0.0
433,Chayce Jones,Adelaide,0.0,0.0,,0.0,0.0,0.0,0.0,0.0
511,Mitchell Hinge,Adelaide,0.0,0.0,,0.0,0.0,0.0,0.0,0.0
632,Billy Dowling,Adelaide,0.0,0.0,,0.0,0.0,0.0,0.0,0.0
334,Callum Ah Chee,Adelaide,0.0,0.0,,0.0,0.0,0.0,0.0,0.0
654,Oscar Ryan,Adelaide,0.0,0.0,,0.0,0.0,0.0,0.0,0.0
655,Archie Ludowyke,Adelaide,0.0,0.0,,0.0,0.0,0.0,0.0,0.0
534,Charlie Edwards,Adelaide,0.0,0.0,,0.0,0.0,0.0,0.0,0.0
144,Will Ashcroft,Brisbane,25.0,25.0,,25.0,25.0,25.0,25.0,25.0
139,Lachie Neale,Brisbane,21.0,21.0,,21.0,21.0,21.0,21.0,21.0
154,Zac Bailey,Brisbane,12.0,12.0,,12.0,12.0,12.0,12.0,12.0
152,Logan Morris,Brisbane,6.0,6.0,,6.0,6.0,6.0,6.0,6.0
150,Kai Lohmann,Brisbane,5.0,5.0,,5.0,5.0,5.0,5.0,5.0
156,Darcy Wilmot,Brisbane,4.0,4.0,,4.0,4.0,4.0,4.0,4.0
169,Levi Ashcroft,Brisbane,3.0,3.0,,3.0,3.0,3.0,3.0,3.0
183,Hugh McCluggage,Brisbane,3.0,3.0,,3.0,3.0,3.0,3.0,3.0
149,Jarrod Berry,Brisbane,3.0,3.0,,3.0,3.0,3.0,3.0,3.0
140,Charlie Cameron,Brisbane,3.0,3.0,,3.0,3.0,3.0,3.0,3.0
153,Harris Andrews,Brisbane,3.0,3.0,,3.0,3.0,3.0,3.0,3.0
151,Ryan Lester,Brisbane,2.0,2.0,,2.0,2.0,2.0,2.0,2.0
155,Josh Dunkley,Brisbane,1.0,1.0,,1.0,1.0,1.0,1.0,1.0
142,Dayne Zorko,Brisbane,1.0,1.0,,1.0,1.0,1.0,1.0,1.0
177,Ty Gallop,Brisbane,0.0,0.0,,0.0,0.0,0.0,0.0,0.0
160,Jaspa Fletcher,Brisbane,0.0,0.0,,0.0,0.0,0.0,0.0,0.0
182,Darcy Gardiner,Brisbane,0.0,0.0,,0.0,0.0,0.0,0.0,0.0
309,James Tunstill,Brisbane,0.0,0.0,,0.0,0.0,0.0,0.0,0.0
310,Daniel Annable,Brisbane,0.0,0.0,,0.0,0.0,0.0,0.0,0.0
311,Lincoln McCarthy,Brisbane,0.0,0.0,,0.0,0.0,0.0,0.0,0.0
312,Noah Answerth,Brisbane,0.0,0.0,,0.0,0.0,0.0,0.0,0.0
313,Sam Draper,Brisbane,0.0,0.0,,0.0,0.0,0.0,0.0,0.0
165,Bruce Reville,Brisbane,0.0,0.0,,0.0,0.0,0.0,0.0,0.0
167,Cam Rayner,Brisbane,0.0,0.0,,0.0,0.0,0.0,0.0,0.0
481,Darragh Joyce,Brisbane,0.0,0.0,,0.0,0.0,0.0,0.0,0.0
168,Darcy Fort,Brisbane,0.0,0.0,,0.0,0.0,0.0,0.0,0.0
623,Eric Hipwood,Brisbane,0.0,0.0,,0.0,0.0,0.0,0.0,0.0
604,Shadeau Brain,Brisbane,0.0,0.0,,0.0,0.0,0.0,0.0,0.0
575,Sam Marshall,Brisbane,0.0,0.0,,0.0,0.0,0.0,0.0,0.0
170,Keidean Coleman,Brisbane,0.0,0.0,,0.0,0.0,0.0,0.0,0.0
172,Oscar Allen,Brisbane,0.0,0.0,,0.0,0.0,0.0,0.0,0.0
175,Zane Zakostelsky,Brisbane,0.0,0.0,,0.0,0.0,0.0,0.0,0.0
557,Cody Curtin,Brisbane,0.0,0.0,,0.0,0.0,0.0,0.0,0.0
553,Conor McKenna,Brisbane,0.0,0.0,,0.0,0.0,0.0,0.0,0.0
593,Will McLachlan,Brisbane,0.0,0.0,,0.0,0.0,0.0,0.0,0.0
33,Patrick Cripps,Carlton,23.0,23.0,,23.0,23.0,23.0,23.0,23.0
7,Sam Walsh,Carlton,12.0,12.0,,12.0,12.0,12.0,12.0,12.0
32,George Hewett,Carlton,10.0,10.0,,10.0,10.0,10.0,10.0,10.0
25,Jagga Smith,Carlton,9.0,9.0,,9.0,9.0,9.0,9.0,9.0
480,Francis Evans,Carlton,4.0,4.0,,4.0,4.0,4.0,4.0,4.0
479,Talor Byrne,Carlton,2.0,2.0,,2.0,2.0,2.0,2.0,2.0
23,Oliver Florent,Carlton,2.0,2.0,,2.0,2.0,2.0,2.0,2.0
35,Harry McKay,Carlton,1.0,1.0,,1.0,1.0,1.0,1.0,1.0
34,Brodie Kemp,Carlton,1.0,1.0,,1.0,1.0,1.0,1.0,1.0
28,Ben Ainsworth,Carlton,1.0,1.0,,1.0,1.0,1.0,1.0,1.0
9,Marc Pittonet,Carlton,1.0,1.0,,1.0,1.0,1.0,1.0,1.0
240,Matthew Carroll,Carlton,1.0,1.0,,1.0,1.0,1.0,1.0,1.0
36,Ashton Moir,Carlton,0.0,0.0,,0.0,0.0,0.0,0.0,0.0
24,Cooper Lord,Carlton,0.0,0.0,,0.0,0.0,0.0,0.0,0.0
29,Elijah Hollands,Carlton,0.0,0.0,,0.0,0.0,0.0,0.0,0.0
30,Zac Williams,Carlton,0.0,0.0,,0.0,0.0,0.0,0.0,0.0
31,Oliver Hollands,Carlton,0.0,0.0,,0.0,0.0,0.0,0.0,0.0
37,Will Hayward,Carlton,0.0,0.0,,0.0,0.0,0.0,0.0,0.0
38,Campbell Chesser,Carlton,0.0,0.0,,0.0,0.0,0.0,0.0,0.0
39,Jacob Weitering,Carlton,0.0,0.0,,0.0,0.0,0.0,0.0,0.0
41,Harry Dean,Carlton,0.0,0.0,,0.0,0.0,0.0,0.0,0.0
40,Mitch McGovern,Carlton,0.0,0.0,,0.0,0.0,0.0,0.0,0.0
42,Lachie Fogarty,Carlton,0.0,0.0,,0.0,0.0,0.0,0.0,0.0
43,Lewis Young,Carlton,0.0,0.0,,0.0,0.0,0.0,0.0,0.0
44,Adam Saad,Carlton,0.0,0.0,,0.0,0.0,0.0,0.0,0.0
45,Liam Reidy,Carlton,0.0,0.0,,0.0,0.0,0.0,0.0,0.0
249,Lachlan Cowan,Carlton,0.0,0.0,,0.0,0.0,0.0,0.0,0.0
252,Hudson O'Keeffe,Carlton,0.0,0.0,,0.0,0.0,0.0,0.0,0.0
510,Nick Haynes,Carlton,0.0,0.0,,0.0,0.0,0.0,0.0,0.0
484,Nic Newman,Carlton,0.0,0.0,,0.0,0.0,0.0,0.0,0.0
485,Adam Cerra,Carlton,0.0,0.0,,0.0,0.0,0.0,0.0,0.0
596,Blake Acres,Carlton,0.0,0.0,,0.0,0.0,0.0,0.0,0.0
488,Wade Derksen,Carlton,0.0,0.0,,0.0,0.0,0.0,0.0,0.0
486,Jordan Boyd,Carlton,0.0,0.0,,0.0,0.0,0.0,0.0,0.0
581,Jack Ison,Carlton,0.0,0.0,,0.0,0.0,0.0,0.0,0.0
551,Matthew Cottrell,Carlton,0.0,0.0,,0.0,0.0,0.0,0.0,0.0
564,Billy Wilson,Carlton,0.0,0.0,,0.0,0.0,0.0,0.0,0.0
642,Flynn Riley,Carlton,0.0,0.0,,0.0,0.0,0.0,0.0,0.0
591,Flynn Young,Carlton,0.0,0.0,,0.0,0.0,0.0,0.0,0.0
184,Nick Daicos,Collingwood,43.0,43.0,,43.0,43.0,43.0,43.0,43.0
185,Josh Daicos,Collingwood,9.0,9.0,,9.0,9.0,9.0,9.0,9.0
186,Jordan de Goey,Collingwood,9.0,9.0,,9.0,9.0,9.0,9.0,9.0
187,Darcy Cameron,Collingwood,7.0,7.0,,7.0,7.0,7.0,7.0,7.0
219,Daniel McStay,Collingwood,4.0,4.0,,4.0,4.0,4.0,4.0,4.0
196,Beau McCreery,Collingwood,3.0,3.0,,3.0,3.0,3.0,3.0,3.0
189,Scott Pendlebury,Collingwood,3.0,3.0,,3.0,3.0,3.0,3.0,3.0
223,Tim Membrey,Collingwood,2.0,2.0,,2.0,2.0,2.0,2.0,2.0
201,Patrick Lipinski,Collingwood,2.0,2.0,,2.0,2.0,2.0,2.0,2.0
191,Dan Houston,Collingwood,2.0,2.0,,2.0,2.0,2.0,2.0,2.0
210,Jamie Elliott,Collingwood,1.0,1.0,,1.0,1.0,1.0,1.0,1.0
213,Steele Sidebottom,Collingwood,1.0,1.0,,1.0,1.0,1.0,1.0,1.0
456,Jeremy Howe,Collingwood,1.0,1.0,,1.0,1.0,1.0,1.0,1.0
221,Wil Parker,Collingwood,0.0,0.0,,0.0,0.0,0.0,0.0,0.0
227,Jack Buller,Collingwood,0.0,0.0,,0.0,0.0,0.0,0.0,0.0
222,Edward Allan,Collingwood,0.0,0.0,,0.0,0.0,0.0,0.0,0.0
190,Brayden Maynard,Collingwood,0.0,0.0,,0.0,0.0,0.0,0.0,0.0
192,Lachie Schultz,Collingwood,0.0,0.0,,0.0,0.0,0.0,0.0,0.0
193,Jack Crisp,Collingwood,0.0,0.0,,0.0,0.0,0.0,0.0,0.0
195,Isaac Quaynor,Collingwood,0.0,0.0,,0.0,0.0,0.0,0.0,0.0
200,Harry Perryman,Collingwood,0.0,0.0,,0.0,0.0,0.0,0.0,0.0
204,Billy Frampton,Collingwood,0.0,0.0,,0.0,0.0,0.0,0.0,0.0
209,Ned Long,Collingwood,0.0,0.0,,0.0,0.0,0.0,0.0,0.0
214,Roan Steele,Collingwood,0.0,0.0,,0.0,0.0,0.0,0.0,0.0
512,Angus Anderson,Collingwood,0.0,0.0,,0.0,0.0,0.0,0.0,0.0
457,Darcy Moore,Collingwood,0.0,0.0,,0.0,0.0,0.0,0.0,0.0
482,Lachlan Sullivan,Collingwood,0.0,0.0,,0.0,0.0,0.0,0.0,0.0
483,William Hayes,Collingwood,0.0,0.0,,0.0,0.0,0.0,0.0,0.0
455,Oscar Steene,Collingwood,0.0,0.0,,0.0,0.0,0.0,0.0,0.0
599,Harvey Harrison,Collingwood,0.0,0.0,,0.0,0.0,0.0,0.0,0.0
611,Mitch Podhajski,Collingwood,0.0,0.0,,0.0,0.0,0.0,0.0,0.0
627,Sam Swadling,Collingwood,0.0,0.0,,0.0,0.0,0.0,0.0,0.0
576,Charlie West,Collingwood,0.0,0.0,,0.0,0.0,0.0,0.0,0.0
638,Liam Puncher,Collingwood,0.0,0.0,,0.0,0.0,0.0,0.0,0.0
662,Noah Howes,Collingwood,0.0,0.0,,0.0,0.0,0.0,0.0,0.0
265,Archie Roberts,Essendon,6.0,6.0,,6.0,6.0,6.0,6.0,6.0
261,Darcy Parish,Essendon,5.0,5.0,,5.0,5.0,5.0,5.0,5.0
256,Zach Merrett,Essendon,5.0,5.0,,5.0,5.0,5.0,5.0,5.0
259,Sam Durham,Essendon,4.0,4.0,,4.0,4.0,4.0,4.0,4.0
268,Nate Caddy,Essendon,2.0,2.0,,2.0,2.0,2.0,2.0,2.0
567,Nick Bryan,Essendon,2.0,2.0,,2.0,2.0,2.0,2.0,2.0
582,Will Setterfield,Essendon,1.0,1.0,,1.0,1.0,1.0,1.0,1.0
272,Dyson Sharp,Essendon,0.0,0.0,,0.0,0.0,0.0,0.0,0.0
273,Max Kondogiannis,Essendon,0.0,0.0,,0.0,0.0,0.0,0.0,0.0
260,Mason Redman,Essendon,0.0,0.0,,0.0,0.0,0.0,0.0,0.0
262,Jye Caldwell,Essendon,0.0,0.0,,0.0,0.0,0.0,0.0,0.0
263,Brayden Fiorini,Essendon,0.0,0.0,,0.0,0.0,0.0,0.0,0.0
264,Andrew McGrath,Essendon,0.0,0.0,,0.0,0.0,0.0,0.0,0.0
266,Xavier Duursma,Essendon,0.0,0.0,,0.0,0.0,0.0,0.0,0.0
267,Archie Perkins,Essendon,0.0,0.0,,0.0,0.0,0.0,0.0,0.0
269,Lachlan Blakiston,Essendon,0.0,0.0,,0.0,0.0,0.0,0.0,0.0
270,Ben McKay,Essendon,0.0,0.0,,0.0,0.0,0.0,0.0,0.0
274,Peter Wright,Essendon,0.0,0.0,,0.0,0.0,0.0,0.0,0.0
276,Jayden Nguyen,Essendon,0.0,0.0,,0.0,0.0,0.0,0.0,0.0
277,Jaxon Prior,Essendon,0.0,0.0,,0.0,0.0,0.0,0.0,0.0
278,Zach Reid,Essendon,0.0,0.0,,0.0,0.0,0.0,0.0,0.0
279,Kyle Langford,Essendon,0.0,0.0,,0.0,0.0,0.0,0.0,0.0
280,Archer May,Essendon,0.0,0.0,,0.0,0.0,0.0,0.0,0.0
275,Hussien El Achkar,Essendon,0.0,0.0,,0.0,0.0,0.0,0.0,0.0
271,Zak Johnson,Essendon,0.0,0.0,,0.0,0.0,0.0,0.0,0.0
650,Jaxon Artemis,Essendon,0.0,0.0,,0.0,0.0,0.0,0.0,0.0
610,Harrison Jones,Essendon,0.0,0.0,,0.0,0.0,0.0,0.0,0.0
505,Thomas Edwards,Essendon,0.0,0.0,,0.0,0.0,0.0,0.0,0.0
447,Isaac Kako,Essendon,0.0,0.0,,0.0,0.0,0.0,0.0,0.0
467,Saad El-Hawli,Essendon,0.0,0.0,,0.0,0.0,0.0,0.0,0.0
468,Jade Gresham,Essendon,0.0,0.0,,0.0,0.0,0.0,0.0,0.0
469,Jacob Farrow,Essendon,0.0,0.0,,0.0,0.0,0.0,0.0,0.0
470,Archer Day-Wicks,Essendon,0.0,0.0,,0.0,0.0,0.0,0.0,0.0
472,Matt Guelfi,Essendon,0.0,0.0,,0.0,0.0,0.0,0.0,0.0
558,Nik Cox,Essendon,0.0,0.0,,0.0,0.0,0.0,0.0,0.0
645,Angus Clarke,Essendon,0.0,0.0,,0.0,0.0,0.0,0.0,0.0
660,Vigo Visentini,Essendon,0.0,0.0,,0.0,0.0,0.0,0.0,0.0
656,Rhys Unwin,Essendon,0.0,0.0,,0.0,0.0,0.0,0.0,0.0
516,Sullivan Robey,Essendon,0.0,0.0,,0.0,0.0,0.0,0.0,0.0
515,Jordan Ridley,Essendon,0.0,0.0,,0.0,0.0,0.0,0.0,0.0
514,Elijah Tsatas,Essendon,0.0,0.0,,0.0,0.0,0.0,0.0,0.0
283,Luke Jackson,Fremantle,21.0,21.0,,21.0,21.0,21.0,21.0,21.0
284,Caleb Serong,Fremantle,18.0,18.0,,18.0,18.0,18.0,18.0,18.0
307,Jye Amiss,Fremantle,13.0,13.0,,13.0,13.0,13.0,13.0,13.0
288,Shai Bolton,Fremantle,11.0,11.0,,11.0,11.0,11.0,11.0,11.0
286,Murphy Reid,Fremantle,11.0,11.0,,11.0,11.0,11.0,11.0,11.0
294,Andrew Brayshaw,Fremantle,10.0,10.0,,10.0,10.0,10.0,10.0,10.0
291,Josh Treacy,Fremantle,8.0,8.0,,8.0,8.0,8.0,8.0,8.0
301,Patrick Voss,Fremantle,3.0,3.0,,3.0,3.0,3.0,3.0,3.0
296,Matthew Johnson,Fremantle,3.0,3.0,,3.0,3.0,3.0,3.0,3.0
293,Karl Worner,Fremantle,3.0,3.0,,3.0,3.0,3.0,3.0,3.0
442,Luke Ryan,Fremantle,2.0,2.0,,2.0,2.0,2.0,2.0,2.0
290,Jordan Clark,Fremantle,2.0,2.0,,2.0,2.0,2.0,2.0,2.0
308,Oscar McDonald,Fremantle,2.0,2.0,,2.0,2.0,2.0,2.0,2.0
537,Michael Frederick,Fremantle,1.0,1.0,,1.0,1.0,1.0,1.0,1.0
300,Sean Darcy,Fremantle,0.0,0.0,,0.0,0.0,0.0,0.0,0.0
287,Hayden Young,Fremantle,0.0,0.0,,0.0,0.0,0.0,0.0,0.0
289,Isaiah Dudley,Fremantle,0.0,0.0,,0.0,0.0,0.0,0.0,0.0
292,Neil Erasmus,Fremantle,0.0,0.0,,0.0,0.0,0.0,0.0,0.0
295,Heath Chapman,Fremantle,0.0,0.0,,0.0,0.0,0.0,0.0,0.0
297,Nathan O'Driscoll,Fremantle,0.0,0.0,,0.0,0.0,0.0,0.0,0.0
298,Judd McVee,Fremantle,0.0,0.0,,0.0,0.0,0.0,0.0,0.0
302,Corey Wagner,Fremantle,0.0,0.0,,0.0,0.0,0.0,0.0,0.0
304,Alex Pearce,Fremantle,0.0,0.0,,0.0,0.0,0.0,0.0,0.0
305,Brandon Walker,Fremantle,0.0,0.0,,0.0,0.0,0.0,0.0,0.0
306,Sam Switkowski,Fremantle,0.0,0.0,,0.0,0.0,0.0,0.0,0.0
463,Brennan Cox,Fremantle,0.0,0.0,,0.0,0.0,0.0,0.0,0.0
462,Jaeger OMeara,Fremantle,0.0,0.0,,0.0,0.0,0.0,0.0,0.0
443,Christopher Scerri,Fremantle,0.0,0.0,,0.0,0.0,0.0,0.0,0.0
550,Jeremy Sharp,Fremantle,0.0,0.0,,0.0,0.0,0.0,0.0,0.0
666,Tobyn Murray,Fremantle,0.0,0.0,,0.0,0.0,0.0,0.0,0.0
536,Mason Cox,Fremantle,0.0,0.0,,0.0,0.0,0.0,0.0,0.0
667,Bailey Banfield,Fremantle,0.0,0.0,,0.0,0.0,0.0,0.0,0.0
75,Bailey Smith,Geelong,33.0,33.0,,33.0,33.0,33.0,33.0,33.0
53,Max Holmes,Geelong,15.0,15.0,,15.0,15.0,15.0,15.0,15.0
82,Shaun Mannagh,Geelong,12.0,12.0,,12.0,12.0,12.0,12.0,12.0
303,Patrick Dangerfield,Geelong,5.0,5.0,,5.0,5.0,5.0,5.0,5.0
60,Oliver Dempsey,Geelong,5.0,5.0,,5.0,5.0,5.0,5.0,5.0
79,Connor O'Sullivan,Geelong,3.0,3.0,,3.0,3.0,3.0,3.0,3.0
84,Lawson Humphries,Geelong,3.0,3.0,,3.0,3.0,3.0,3.0,3.0
67,Tanner Bruhn,Geelong,3.0,3.0,,3.0,3.0,3.0,3.0,3.0
285,Jeremy Cameron,Geelong,3.0,3.0,,3.0,3.0,3.0,3.0,3.0
88,Shannon Neale,Geelong,2.0,2.0,,2.0,2.0,2.0,2.0,2.0
91,Oisin Mullin,Geelong,2.0,2.0,,2.0,2.0,2.0,2.0,2.0
80,Oliver Henry,Geelong,1.0,1.0,,1.0,1.0,1.0,1.0,1.0
68,Gryan Miers,Geelong,1.0,1.0,,1.0,1.0,1.0,1.0,1.0
62,Tom Atkins,Geelong,1.0,1.0,,1.0,1.0,1.0,1.0,1.0
74,Tom Stewart,Geelong,1.0,1.0,,1.0,1.0,1.0,1.0,1.0
86,Jack Henry,Geelong,0.0,0.0,,0.0,0.0,0.0,0.0,0.0
85,Jhye Clark,Geelong,0.0,0.0,,0.0,0.0,0.0,0.0,0.0
72,James Worpel,Geelong,0.0,0.0,,0.0,0.0,0.0,0.0,0.0
77,Mark OConnor,Geelong,0.0,0.0,,0.0,0.0,0.0,0.0,0.0
78,Zach Guthrie,Geelong,0.0,0.0,,0.0,0.0,0.0,0.0,0.0
81,Mark Blicavs,Geelong,0.0,0.0,,0.0,0.0,0.0,0.0,0.0
83,Mitch Knevitt,Geelong,0.0,0.0,,0.0,0.0,0.0,0.0,0.0
87,Sam De Koning,Geelong,0.0,0.0,,0.0,0.0,0.0,0.0,0.0
89,Jack Martin,Geelong,0.0,0.0,,0.0,0.0,0.0,0.0,0.0
90,Brad Close,Geelong,0.0,0.0,,0.0,0.0,0.0,0.0,0.0
299,Mitchell Edwards,Geelong,0.0,0.0,,0.0,0.0,0.0,0.0,0.0
614,George Stevens,Geelong,0.0,0.0,,0.0,0.0,0.0,0.0,0.0
507,Jack Bowes,Geelong,0.0,0.0,,0.0,0.0,0.0,0.0,0.0
452,Oliver Wiltshire,Geelong,0.0,0.0,,0.0,0.0,0.0,0.0,0.0
570,Rhys Stanley,Geelong,0.0,0.0,,0.0,0.0,0.0,0.0,0.0
646,Jay Polkinghorne,Geelong,0.0,0.0,,0.0,0.0,0.0,0.0,0.0
521,Jake Kolodjashnij,Geelong,0.0,0.0,,0.0,0.0,0.0,0.0,0.0
46,Christian Petracca,Gold Coast,12.0,12.0,,12.0,12.0,12.0,12.0,12.0
503,Matt Rowell,Gold Coast,11.0,11.0,,11.0,11.0,11.0,11.0,11.0
48,Touk Miller,Gold Coast,9.0,9.0,,9.0,9.0,9.0,9.0,9.0
49,Noah Anderson,Gold Coast,8.0,8.0,,8.0,8.0,8.0,8.0,8.0
50,John Noble,Gold Coast,7.0,7.0,,7.0,7.0,7.0,7.0,7.0
64,Bodhi Uwland,Gold Coast,6.0,6.0,,6.0,6.0,6.0,6.0,6.0
51,Daniel Rioli,Gold Coast,3.0,3.0,,3.0,3.0,3.0,3.0,3.0
66,Jarrod Witts,Gold Coast,2.0,2.0,,2.0,2.0,2.0,2.0,2.0
47,Bailey Humphrey,Gold Coast,2.0,2.0,,2.0,2.0,2.0,2.0,2.0
70,Zeke Uwland,Gold Coast,1.0,1.0,,1.0,1.0,1.0,1.0,1.0
61,Ben Long,Gold Coast,1.0,1.0,,1.0,1.0,1.0,1.0,1.0
65,Ben King,Gold Coast,1.0,1.0,,1.0,1.0,1.0,1.0,1.0
56,Lachie Weller,Gold Coast,0.0,0.0,,0.0,0.0,0.0,0.0,0.0
54,Joel Jeffrey,Gold Coast,0.0,0.0,,0.0,0.0,0.0,0.0,0.0
55,Leonardo Lombard,Gold Coast,0.0,0.0,,0.0,0.0,0.0,0.0,0.0
58,Wil Powell,Gold Coast,0.0,0.0,,0.0,0.0,0.0,0.0,0.0
59,Alex Davies,Gold Coast,0.0,0.0,,0.0,0.0,0.0,0.0,0.0
63,Sam Clohesy,Gold Coast,0.0,0.0,,0.0,0.0,0.0,0.0,0.0
69,Ethan Read,Gold Coast,0.0,0.0,,0.0,0.0,0.0,0.0,0.0
71,Oscar Adams,Gold Coast,0.0,0.0,,0.0,0.0,0.0,0.0,0.0
73,Will Graham,Gold Coast,0.0,0.0,,0.0,0.0,0.0,0.0,0.0
76,Jy Farrar,Gold Coast,0.0,0.0,,0.0,0.0,0.0,0.0,0.0
57,Sam Collins,Gold Coast,0.0,0.0,,0.0,0.0,0.0,0.0,0.0
52,Mac Andrew,Gold Coast,0.0,0.0,,0.0,0.0,0.0,0.0,0.0
408,Jake Rogers,Gold Coast,0.0,0.0,,0.0,0.0,0.0,0.0,0.0
435,Charlie Ballard,Gold Coast,0.0,0.0,,0.0,0.0,0.0,0.0,0.0
605,Jai Murray,Gold Coast,0.0,0.0,,0.0,0.0,0.0,0.0,0.0
625,Beau Addinsall,Gold Coast,0.0,0.0,,0.0,0.0,0.0,0.0,0.0
501,Jed Walter,Gold Coast,0.0,0.0,,0.0,0.0,0.0,0.0,0.0
500,Lachlan Gulbin,Gold Coast,0.0,0.0,,0.0,0.0,0.0,0.0,0.0
577,Nick Holman,Gold Coast,0.0,0.0,,0.0,0.0,0.0,0.0,0.0
549,Jamarra Ugle-Hagan,Gold Coast,0.0,0.0,,0.0,0.0,0.0,0.0,0.0
569,Ben Jepson,Gold Coast,0.0,0.0,,0.0,0.0,0.0,0.0,0.0
561,Ned Moyle,Gold Coast,0.0,0.0,,0.0,0.0,0.0,0.0,0.0
637,Dylan Patterson,Gold Coast,0.0,0.0,,0.0,0.0,0.0,0.0,0.0
651,Caleb Lewis,Gold Coast,0.0,0.0,,0.0,0.0,0.0,0.0,0.0
93,Clayton Oliver,Greater Western Sydney,14.0,14.0,,14.0,14.0,14.0,14.0,14.0
99,Toby Greene,Greater Western Sydney,10.0,10.0,,10.0,10.0,10.0,10.0,10.0
101,Lachie Ash,Greater Western Sydney,8.0,8.0,,8.0,8.0,8.0,8.0,8.0
98,Lachie Whitfield,Greater Western Sydney,7.0,7.0,,7.0,7.0,7.0,7.0,7.0
95,Finn Callaghan,Greater Western Sydney,6.0,6.0,,6.0,6.0,6.0,6.0,6.0
92,Jake Stringer,Greater Western Sydney,6.0,6.0,,6.0,6.0,6.0,6.0,6.0
94,Stephen Coniglio,Greater Western Sydney,3.0,3.0,,3.0,3.0,3.0,3.0,3.0
100,Harvey Thomas,Greater Western Sydney,1.0,1.0,,1.0,1.0,1.0,1.0,1.0
116,Phoenix Gothard,Greater Western Sydney,1.0,1.0,,1.0,1.0,1.0,1.0,1.0
110,Jayden Laverde,Greater Western Sydney,0.0,0.0,,0.0,0.0,0.0,0.0,0.0
111,Connor Idun,Greater Western Sydney,0.0,0.0,,0.0,0.0,0.0,0.0,0.0
109,Jesse Hogan,Greater Western Sydney,0.0,0.0,,0.0,0.0,0.0,0.0,0.0
96,Joe Fonti,Greater Western Sydney,0.0,0.0,,0.0,0.0,0.0,0.0,0.0
97,Jake Riccardi,Greater Western Sydney,0.0,0.0,,0.0,0.0,0.0,0.0,0.0
103,Harry Himmelberg,Greater Western Sydney,0.0,0.0,,0.0,0.0,0.0,0.0,0.0
104,Harry Rowston,Greater Western Sydney,0.0,0.0,,0.0,0.0,0.0,0.0,0.0
105,Kieren Briggs,Greater Western Sydney,0.0,0.0,,0.0,0.0,0.0,0.0,0.0
122,Callum Brown,Greater Western Sydney,0.0,0.0,,0.0,0.0,0.0,0.0,0.0
127,Xavier O'Halloran,Greater Western Sydney,0.0,0.0,,0.0,0.0,0.0,0.0,0.0
133,Josaia Delana,Greater Western Sydney,0.0,0.0,,0.0,0.0,0.0,0.0,0.0
114,Jack Buckley,Greater Western Sydney,0.0,0.0,,0.0,0.0,0.0,0.0,0.0
120,Max Gruzewski,Greater Western Sydney,0.0,0.0,,0.0,0.0,0.0,0.0,0.0
458,James Leake,Greater Western Sydney,0.0,0.0,,0.0,0.0,0.0,0.0,0.0
592,Conor Stone,Greater Western Sydney,0.0,0.0,,0.0,0.0,0.0,0.0,0.0
600,Sam Taylor,Greater Western Sydney,0.0,0.0,,0.0,0.0,0.0,0.0,0.0
459,Oliver Hannaford,Greater Western Sydney,0.0,0.0,,0.0,0.0,0.0,0.0,0.0
586,Harrison Oliver,Greater Western Sydney,0.0,0.0,,0.0,0.0,0.0,0.0,0.0
526,Toby Bedford,Greater Western Sydney,0.0,0.0,,0.0,0.0,0.0,0.0,0.0
525,Brent Daniels,Greater Western Sydney,0.0,0.0,,0.0,0.0,0.0,0.0,0.0
524,Aaron Cadman,Greater Western Sydney,0.0,0.0,,0.0,0.0,0.0,0.0,0.0
523,Nicholas Madden,Greater Western Sydney,0.0,0.0,,0.0,0.0,0.0,0.0,0.0
529,Leek Aleer,Greater Western Sydney,0.0,0.0,,0.0,0.0,0.0,0.0,0.0
117,Ryan Angwin,Greater Western Sydney,0.0,0.0,,0.0,0.0,0.0,0.0,0.0
636,Riley Hamilton,Greater Western Sydney,0.0,0.0,,0.0,0.0,0.0,0.0,0.0
635,Jack Ough,Greater Western Sydney,0.0,0.0,,0.0,0.0,0.0,0.0,0.0
664,Cody Angove,Greater Western Sydney,0.0,0.0,,0.0,0.0,0.0,0.0,0.0
530,Toby McMullin,Greater Western Sydney,0.0,0.0,,0.0,0.0,0.0,0.0,0.0
106,Jai Newcombe,Hawthorn,21.0,21.0,,21.0,21.0,21.0,21.0,21.0
124,Jarman Impey,Hawthorn,10.0,10.0,,10.0,10.0,10.0,10.0,10.0
107,Connor Macdonald,Hawthorn,9.0,9.0,,9.0,9.0,9.0,9.0,9.0
112,Nick Watson,Hawthorn,7.0,7.0,,7.0,7.0,7.0,7.0,7.0
121,Jack Gunston,Hawthorn,6.0,6.0,,6.0,6.0,6.0,6.0,6.0
118,Josh Ward,Hawthorn,6.0,6.0,,6.0,6.0,6.0,6.0,6.0
108,Jack Ginnivan,Hawthorn,5.0,5.0,,5.0,5.0,5.0,5.0,5.0
595,Will Day,Hawthorn,4.0,4.0,,4.0,4.0,4.0,4.0,4.0
257,Cam Mackenzie,Hawthorn,4.0,4.0,,4.0,4.0,4.0,4.0,4.0
102,James Sicily,Hawthorn,3.0,3.0,,3.0,3.0,3.0,3.0,3.0
134,Blake Hardwick,Hawthorn,3.0,3.0,,3.0,3.0,3.0,3.0,3.0
125,Mitch Lewis,Hawthorn,3.0,3.0,,3.0,3.0,3.0,3.0,3.0
128,Lloyd Meek,Hawthorn,2.0,2.0,,2.0,2.0,2.0,2.0,2.0
135,Dylan Moore,Hawthorn,2.0,2.0,,2.0,2.0,2.0,2.0,2.0
119,Conor Nash,Hawthorn,1.0,1.0,,1.0,1.0,1.0,1.0,1.0
113,Josh Battle,Hawthorn,0.0,0.0,,0.0,0.0,0.0,0.0,0.0
123,Mabior Chol,Hawthorn,0.0,0.0,,0.0,0.0,0.0,0.0,0.0
126,Sam Butler,Hawthorn,0.0,0.0,,0.0,0.0,0.0,0.0,0.0
129,Massimo DAmbrosio,Hawthorn,0.0,0.0,,0.0,0.0,0.0,0.0,0.0
130,Harry Morrison,Hawthorn,0.0,0.0,,0.0,0.0,0.0,0.0,0.0
131,Josh Weddle,Hawthorn,0.0,0.0,,0.0,0.0,0.0,0.0,0.0
132,Karl Amon,Hawthorn,0.0,0.0,,0.0,0.0,0.0,0.0,0.0
136,Tom Barrass,Hawthorn,0.0,0.0,,0.0,0.0,0.0,0.0,0.0
137,Finn Maginness,Hawthorn,0.0,0.0,,0.0,0.0,0.0,0.0,0.0
115,Jack Scrimshaw,Hawthorn,0.0,0.0,,0.0,0.0,0.0,0.0,0.0
258,Ned Reeves,Hawthorn,0.0,0.0,,0.0,0.0,0.0,0.0,0.0
508,Flynn Perez,Hawthorn,0.0,0.0,,0.0,0.0,0.0,0.0,0.0
509,Jack Dalton,Hawthorn,0.0,0.0,,0.0,0.0,0.0,0.0,0.0
653,Aidan Schubert,Hawthorn,0.0,0.0,,0.0,0.0,0.0,0.0,0.0
588,Cameron Nairn,Hawthorn,0.0,0.0,,0.0,0.0,0.0,0.0,0.0
587,Bailey Macdonald,Hawthorn,0.0,0.0,,0.0,0.0,0.0,0.0,0.0
580,Henry Hustwaite,Hawthorn,0.0,0.0,,0.0,0.0,0.0,0.0,0.0
563,Bodie Ryan,Hawthorn,0.0,0.0,,0.0,0.0,0.0,0.0,0.0
562,Max Ramsden,Hawthorn,0.0,0.0,,0.0,0.0,0.0,0.0,0.0
641,Oliver Greeves,Hawthorn,0.0,0.0,,0.0,0.0,0.0,0.0,0.0
634,Matt Hill,Hawthorn,0.0,0.0,,0.0,0.0,0.0,0.0,0.0
633,Noah Mraz,Hawthorn,0.0,0.0,,0.0,0.0,0.0,0.0,0.0
665,Max Beattie,Hawthorn,0.0,0.0,,0.0,0.0,0.0,0.0,0.0
531,Calsher Dear,Hawthorn,0.0,0.0,,0.0,0.0,0.0,0.0,0.0
533,William McCabe,Hawthorn,0.0,0.0,,0.0,0.0,0.0,0.0,0.0
384,Max Gawn,Melbourne,22.0,22.0,,22.0,22.0,22.0,22.0,22.0
386,Kysaiah Pickett,Melbourne,18.0,18.0,,18.0,18.0,18.0,18.0,18.0
406,Tom Sparrow,Melbourne,12.0,12.0,,12.0,12.0,12.0,12.0,12.0
383,Jacob van Rooyen,Melbourne,12.0,12.0,,12.0,12.0,12.0,12.0,12.0
392,Kade Chandler,Melbourne,7.0,7.0,,7.0,7.0,7.0,7.0,7.0
385,Jack Steele,Melbourne,3.0,3.0,,3.0,3.0,3.0,3.0,3.0
404,Harvey Langford,Melbourne,3.0,3.0,,3.0,3.0,3.0,3.0,3.0
615,Joel Fitzgerald,Melbourne,2.0,2.0,,2.0,2.0,2.0,2.0,2.0
393,Bayley Fritsch,Melbourne,2.0,2.0,,2.0,2.0,2.0,2.0,2.0
405,Harry Petty,Melbourne,1.0,1.0,,1.0,1.0,1.0,1.0,1.0
402,Ed Langdon,Melbourne,1.0,1.0,,1.0,1.0,1.0,1.0,1.0
387,Caleb Windsor,Melbourne,1.0,1.0,,1.0,1.0,1.0,1.0,1.0
571,Jake Bowey,Melbourne,1.0,1.0,,1.0,1.0,1.0,1.0,1.0
397,Daniel Turner,Melbourne,1.0,1.0,,1.0,1.0,1.0,1.0,1.0
388,Brody Mihocek,Melbourne,0.0,0.0,,0.0,0.0,0.0,0.0,0.0
389,Changkuoth Jiath,Melbourne,0.0,0.0,,0.0,0.0,0.0,0.0,0.0
390,Christian Salem,Melbourne,0.0,0.0,,0.0,0.0,0.0,0.0,0.0
391,Harry Sharp,Melbourne,0.0,0.0,,0.0,0.0,0.0,0.0,0.0
394,Xavier Lindsay,Melbourne,0.0,0.0,,0.0,0.0,0.0,0.0,0.0
395,Koltyn Tholstrup,Melbourne,0.0,0.0,,0.0,0.0,0.0,0.0,0.0
396,Trent Rivers,Melbourne,0.0,0.0,,0.0,0.0,0.0,0.0,0.0
398,Jai Culley,Melbourne,0.0,0.0,,0.0,0.0,0.0,0.0,0.0
399,Blake Howes,Melbourne,0.0,0.0,,0.0,0.0,0.0,0.0,0.0
400,Jake Lever,Melbourne,0.0,0.0,,0.0,0.0,0.0,0.0,0.0
401,Latrelle Pickett,Melbourne,0.0,0.0,,0.0,0.0,0.0,0.0,0.0
616,Lukas Cooke,Melbourne,0.0,0.0,,0.0,0.0,0.0,0.0,0.0
612,Luker Kentfield,Melbourne,0.0,0.0,,0.0,0.0,0.0,0.0,0.0
499,Jake Melksham,Melbourne,0.0,0.0,,0.0,0.0,0.0,0.0,0.0
502,Bailey Laurie,Melbourne,0.0,0.0,,0.0,0.0,0.0,0.0,0.0
478,Paddy Cross,Melbourne,0.0,0.0,,0.0,0.0,0.0,0.0,0.0
477,Tom McDonald,Melbourne,0.0,0.0,,0.0,0.0,0.0,0.0,0.0
572,Andy Moniz-Wakefield,Melbourne,0.0,0.0,,0.0,0.0,0.0,0.0,0.0
643,Aidan Johnson,Melbourne,0.0,0.0,,0.0,0.0,0.0,0.0,0.0
540,Max Heath,Melbourne,0.0,0.0,,0.0,0.0,0.0,0.0,0.0
539,Xavier Taylor,Melbourne,0.0,0.0,,0.0,0.0,0.0,0.0,0.0
538,Matthew Jefferson,Melbourne,0.0,0.0,,0.0,0.0,0.0,0.0,0.0
338,Harry Sheezel,North Melbourne,20.0,20.0,,20.0,20.0,20.0,20.0,20.0
342,Luke Davies-Uniacke,North Melbourne,16.0,16.0,,16.0,16.0,16.0,16.0,16.0
343,Caleb Daniel,North Melbourne,8.0,8.0,,8.0,8.0,8.0,8.0,8.0
341,Tristan Xerri,North Melbourne,7.0,7.0,,7.0,7.0,7.0,7.0,7.0
358,Paul Curtis,North Melbourne,4.0,4.0,,4.0,4.0,4.0,4.0,4.0
337,Charlie Comben,North Melbourne,3.0,3.0,,3.0,3.0,3.0,3.0,3.0
351,Cooper Trembath,North Melbourne,3.0,3.0,,3.0,3.0,3.0,3.0,3.0
347,Finn O'Sullivan,North Melbourne,3.0,3.0,,3.0,3.0,3.0,3.0,3.0
346,Jack Darling,North Melbourne,2.0,2.0,,2.0,2.0,2.0,2.0,2.0
345,Jy Simpkin,North Melbourne,1.0,1.0,,1.0,1.0,1.0,1.0,1.0
339,Dylan Stephens,North Melbourne,1.0,1.0,,1.0,1.0,1.0,1.0,1.0
340,Luke Parker,North Melbourne,0.0,0.0,,0.0,0.0,0.0,0.0,0.0
344,Tom Powell,North Melbourne,0.0,0.0,,0.0,0.0,0.0,0.0,0.0
348,Tom Blamires,North Melbourne,0.0,0.0,,0.0,0.0,0.0,0.0,0.0
349,Nick Larkey,North Melbourne,0.0,0.0,,0.0,0.0,0.0,0.0,0.0
350,Luke McDonald,North Melbourne,0.0,0.0,,0.0,0.0,0.0,0.0,0.0
353,Cameron Zurhaar,North Melbourne,0.0,0.0,,0.0,0.0,0.0,0.0,0.0
354,Toby Pink,North Melbourne,0.0,0.0,,0.0,0.0,0.0,0.0,0.0
356,Griffin Logue,North Melbourne,0.0,0.0,,0.0,0.0,0.0,0.0,0.0
359,Lachy Dovaston,North Melbourne,0.0,0.0,,0.0,0.0,0.0,0.0,0.0
360,Colby McKercher,North Melbourne,0.0,0.0,,0.0,0.0,0.0,0.0,0.0
361,Zane Duursma,North Melbourne,0.0,0.0,,0.0,0.0,0.0,0.0,0.0
362,Jacob Konstanty,North Melbourne,0.0,0.0,,0.0,0.0,0.0,0.0,0.0
618,Cooper Harvey,North Melbourne,0.0,0.0,,0.0,0.0,0.0,0.0,0.0
487,Zac Banch,North Melbourne,0.0,0.0,,0.0,0.0,0.0,0.0,0.0
620,Taylor Goad,North Melbourne,0.0,0.0,,0.0,0.0,0.0,0.0,0.0
630,Josh Goater,North Melbourne,0.0,0.0,,0.0,0.0,0.0,0.0,0.0
603,Zac Fisher,North Melbourne,0.0,0.0,,0.0,0.0,0.0,0.0,0.0
466,George Wardlaw,North Melbourne,0.0,0.0,,0.0,0.0,0.0,0.0,0.0
471,Callum Coleman-Jones,North Melbourne,0.0,0.0,,0.0,0.0,0.0,0.0,0.0
473,Aidan Corr,North Melbourne,0.0,0.0,,0.0,0.0,0.0,0.0,0.0
589,Riley Hardeman,North Melbourne,0.0,0.0,,0.0,0.0,0.0,0.0,0.0
566,Wil Dawson,North Melbourne,0.0,0.0,,0.0,0.0,0.0,0.0,0.0
649,Bailey Scott,North Melbourne,0.0,0.0,,0.0,0.0,0.0,0.0,0.0
640,Matt Whitlock,North Melbourne,0.0,0.0,,0.0,0.0,0.0,0.0,0.0
513,Charlie Spargo,North Melbourne,0.0,0.0,,0.0,0.0,0.0,0.0,0.0
372,Jason Horne-Francis,Port Adelaide,18.0,18.0,,18.0,18.0,18.0,18.0,18.0
352,Zak Butters,Port Adelaide,17.0,17.0,,17.0,17.0,17.0,17.0,17.0
369,Joe Richards,Port Adelaide,5.0,5.0,,5.0,5.0,5.0,5.0,5.0
364,Jase Burgoyne,Port Adelaide,3.0,3.0,,3.0,3.0,3.0,3.0,3.0
371,Aliir Aliir,Port Adelaide,3.0,3.0,,3.0,3.0,3.0,3.0,3.0
491,Ollie Wines,Port Adelaide,2.0,2.0,,2.0,2.0,2.0,2.0,2.0
363,Mitch Georgiades,Port Adelaide,2.0,2.0,,2.0,2.0,2.0,2.0,2.0
381,Esava Ratugolea,Port Adelaide,2.0,2.0,,2.0,2.0,2.0,2.0,2.0
375,Darcy Byrne-Jones,Port Adelaide,1.0,1.0,,1.0,1.0,1.0,1.0,1.0
445,Jordon Sweet,Port Adelaide,1.0,1.0,,1.0,1.0,1.0,1.0,1.0
374,Ewan Mackinlay,Port Adelaide,0.0,0.0,,0.0,0.0,0.0,0.0,0.0
376,Jack Whitlock,Port Adelaide,0.0,0.0,,0.0,0.0,0.0,0.0,0.0
373,Jacob Wehr,Port Adelaide,0.0,0.0,,0.0,0.0,0.0,0.0,0.0
370,Corey Durdin,Port Adelaide,0.0,0.0,,0.0,0.0,0.0,0.0,0.0
378,Lachie Jones,Port Adelaide,0.0,0.0,,0.0,0.0,0.0,0.0,0.0
377,Dante Visentini,Port Adelaide,0.0,0.0,,0.0,0.0,0.0,0.0,0.0
355,Connor Rozee,Port Adelaide,0.0,0.0,,0.0,0.0,0.0,0.0,0.0
357,Willem Drew,Port Adelaide,0.0,0.0,,0.0,0.0,0.0,0.0,0.0
365,Kane Farrell,Port Adelaide,0.0,0.0,,0.0,0.0,0.0,0.0,0.0
366,Miles Bergman,Port Adelaide,0.0,0.0,,0.0,0.0,0.0,0.0,0.0
367,Todd Marshall,Port Adelaide,0.0,0.0,,0.0,0.0,0.0,0.0,0.0
368,Logan Evans,Port Adelaide,0.0,0.0,,0.0,0.0,0.0,0.0,0.0
379,Jack Watkins,Port Adelaide,0.0,0.0,,0.0,0.0,0.0,0.0,0.0
382,Ollie Lord,Port Adelaide,0.0,0.0,,0.0,0.0,0.0,0.0,0.0
380,Joe Berry,Port Adelaide,0.0,0.0,,0.0,0.0,0.0,0.0,0.0
621,Xavier Bamert,Port Adelaide,0.0,0.0,,0.0,0.0,0.0,0.0,0.0
622,Harrison Ramm,Port Adelaide,0.0,0.0,,0.0,0.0,0.0,0.0,0.0
606,Tom Cochrane,Port Adelaide,0.0,0.0,,0.0,0.0,0.0,0.0,0.0
629,Brandon Zerk-Thatcher,Port Adelaide,0.0,0.0,,0.0,0.0,0.0,0.0,0.0
446,Jackson Mead,Port Adelaide,0.0,0.0,,0.0,0.0,0.0,0.0,0.0
493,Mitch Zadow,Port Adelaide,0.0,0.0,,0.0,0.0,0.0,0.0,0.0
444,Jack Lukosius,Port Adelaide,0.0,0.0,,0.0,0.0,0.0,0.0,0.0
474,Will Brodie,Port Adelaide,0.0,0.0,,0.0,0.0,0.0,0.0,0.0
476,Josh Lai,Port Adelaide,0.0,0.0,,0.0,0.0,0.0,0.0,0.0
659,Alex Van Wyk,Port Adelaide,0.0,0.0,,0.0,0.0,0.0,0.0,0.0
579,Tom Anastasopoulos,Port Adelaide,0.0,0.0,,0.0,0.0,0.0,0.0,0.0
578,Will Lorenz,Port Adelaide,0.0,0.0,,0.0,0.0,0.0,0.0,0.0
648,Balyn O'Brien,Port Adelaide,0.0,0.0,,0.0,0.0,0.0,0.0,0.0
532,Christian Moraes,Port Adelaide,0.0,0.0,,0.0,0.0,0.0,0.0,0.0
231,Tim Taranto,Richmond,6.0,6.0,,6.0,6.0,6.0,6.0,6.0
241,Noah Balta,Richmond,3.0,3.0,,3.0,3.0,3.0,3.0,3.0
233,Jack Ross,Richmond,3.0,3.0,,3.0,3.0,3.0,3.0,3.0
230,Jayden Short,Richmond,2.0,2.0,,2.0,2.0,2.0,2.0,2.0
237,Sam Banks,Richmond,0.0,0.0,,0.0,0.0,0.0,0.0,0.0
236,Rhyan Mansell,Richmond,0.0,0.0,,0.0,0.0,0.0,0.0,0.0
235,Tom Lynch,Richmond,0.0,0.0,,0.0,0.0,0.0,0.0,0.0
234,Toby Nankervis,Richmond,0.0,0.0,,0.0,0.0,0.0,0.0,0.0
232,Sam Lalor,Richmond,0.0,0.0,,0.0,0.0,0.0,0.0,0.0
251,Hugo Ralphsmith,Richmond,0.0,0.0,,0.0,0.0,0.0,0.0,0.0
238,Steely Green,Richmond,0.0,0.0,,0.0,0.0,0.0,0.0,0.0
239,Sam Grlj,Richmond,0.0,0.0,,0.0,0.0,0.0,0.0,0.0
242,Ben Miller,Richmond,0.0,0.0,,0.0,0.0,0.0,0.0,0.0
243,Jacob Hopper,Richmond,0.0,0.0,,0.0,0.0,0.0,0.0,0.0
244,Nathan Broad,Richmond,0.0,0.0,,0.0,0.0,0.0,0.0,0.0
245,Seth Campbell,Richmond,0.0,0.0,,0.0,0.0,0.0,0.0,0.0
246,Kane McAuliffe,Richmond,0.0,0.0,,0.0,0.0,0.0,0.0,0.0
247,Jonty Faull,Richmond,0.0,0.0,,0.0,0.0,0.0,0.0,0.0
248,James Trezise,Richmond,0.0,0.0,,0.0,0.0,0.0,0.0,0.0
250,Josh Gibcus,Richmond,0.0,0.0,,0.0,0.0,0.0,0.0,0.0
254,Harry Armstrong,Richmond,0.0,0.0,,0.0,0.0,0.0,0.0,0.0
255,Campbell Gray,Richmond,0.0,0.0,,0.0,0.0,0.0,0.0,0.0
253,Maurice Rioli,Richmond,0.0,0.0,,0.0,0.0,0.0,0.0,0.0
437,Tyler Sonsie,Richmond,0.0,0.0,,0.0,0.0,0.0,0.0,0.0
436,Dion Prestia,Richmond,0.0,0.0,,0.0,0.0,0.0,0.0,0.0
438,Nick Vlastuin,Richmond,0.0,0.0,,0.0,0.0,0.0,0.0,0.0
465,Jasper Alger,Richmond,0.0,0.0,,0.0,0.0,0.0,0.0,0.0
628,Taj Hotton,Richmond,0.0,0.0,,0.0,0.0,0.0,0.0,0.0
624,Kye Annand,Richmond,0.0,0.0,,0.0,0.0,0.0,0.0,0.0
464,Luke Trainor,Richmond,0.0,0.0,,0.0,0.0,0.0,0.0,0.0
494,Samson Ryan,Richmond,0.0,0.0,,0.0,0.0,0.0,0.0,0.0
492,Liam Fawcett,Richmond,0.0,0.0,,0.0,0.0,0.0,0.0,0.0
439,Mykelti Lefau,Richmond,0.0,0.0,,0.0,0.0,0.0,0.0,0.0
440,Tom Brown,Richmond,0.0,0.0,,0.0,0.0,0.0,0.0,0.0
584,Noah Roberts-Thomson,Richmond,0.0,0.0,,0.0,0.0,0.0,0.0,0.0
527,Oliver Hayes-Brown,Richmond,0.0,0.0,,0.0,0.0,0.0,0.0,0.0
661,Judson Clarke,Richmond,0.0,0.0,,0.0,0.0,0.0,0.0,0.0
644,Zane Peucker,Richmond,0.0,0.0,,0.0,0.0,0.0,0.0,0.0
548,Tom Burton,Richmond,0.0,0.0,,0.0,0.0,0.0,0.0,0.0
547,Sam Cumming,Richmond,0.0,0.0,,0.0,0.0,0.0,0.0,0.0
535,Patrick Retschko,Richmond,0.0,0.0,,0.0,0.0,0.0,0.0,0.0
205,Nasiah Wanganeen-Milera,St Kilda,19.0,19.0,,19.0,19.0,19.0,19.0,19.0
206,Max Hall,St Kilda,10.0,10.0,,10.0,10.0,10.0,10.0,10.0
225,Rowan Marshall,St Kilda,10.0,10.0,,10.0,10.0,10.0,10.0,10.0
203,Hugo Garcia,St Kilda,9.0,9.0,,9.0,9.0,9.0,9.0,9.0
202,Bradley Hill,St Kilda,6.0,6.0,,6.0,6.0,6.0,6.0,6.0
197,Callum Wilkie,St Kilda,5.0,5.0,,5.0,5.0,5.0,5.0,5.0
224,Liam Ryan,St Kilda,4.0,4.0,,4.0,4.0,4.0,4.0,4.0
216,Jack Macrae,St Kilda,2.0,2.0,,2.0,2.0,2.0,2.0,2.0
188,Jack Sinclair,St Kilda,2.0,2.0,,2.0,2.0,2.0,2.0,2.0
217,Jack Higgins,St Kilda,1.0,1.0,,1.0,1.0,1.0,1.0,1.0
215,Darcy Wilson,St Kilda,1.0,1.0,,1.0,1.0,1.0,1.0,1.0
211,Cooper Sharman,St Kilda,1.0,1.0,,1.0,1.0,1.0,1.0,1.0
226,Anthony Caminiti,St Kilda,0.0,0.0,,0.0,0.0,0.0,0.0,0.0
228,Hugh Boxshall,St Kilda,0.0,0.0,,0.0,0.0,0.0,0.0,0.0
229,Alix Tauru,St Kilda,0.0,0.0,,0.0,0.0,0.0,0.0,0.0
208,Mattaes Phillipou,St Kilda,0.0,0.0,,0.0,0.0,0.0,0.0,0.0
220,Mason Wood,St Kilda,0.0,0.0,,0.0,0.0,0.0,0.0,0.0
194,Marcus Windhager,St Kilda,0.0,0.0,,0.0,0.0,0.0,0.0,0.0
198,Sam Flanders,St Kilda,0.0,0.0,,0.0,0.0,0.0,0.0,0.0
199,Tom De Koning,St Kilda,0.0,0.0,,0.0,0.0,0.0,0.0,0.0
207,Mitch Owens,St Kilda,0.0,0.0,,0.0,0.0,0.0,0.0,0.0
212,Jack Silvagni,St Kilda,0.0,0.0,,0.0,0.0,0.0,0.0,0.0
218,Jack Carroll,St Kilda,0.0,0.0,,0.0,0.0,0.0,0.0,0.0
403,Isaac Keeler,St Kilda,0.0,0.0,,0.0,0.0,0.0,0.0,0.0
559,Liam Henry,St Kilda,0.0,0.0,,0.0,0.0,0.0,0.0,0.0
608,Campbell Lake,St Kilda,0.0,0.0,,0.0,0.0,0.0,0.0,0.0
609,Angus Hastie,St Kilda,0.0,0.0,,0.0,0.0,0.0,0.0,0.0
461,Dan Butler,St Kilda,0.0,0.0,,0.0,0.0,0.0,0.0,0.0
441,Liam Stocker,St Kilda,0.0,0.0,,0.0,0.0,0.0,0.0,0.0
460,Dougal Howard,St Kilda,0.0,0.0,,0.0,0.0,0.0,0.0,0.0
583,Charlie Banfield,St Kilda,0.0,0.0,,0.0,0.0,0.0,0.0,0.0
528,Hunter Clark,St Kilda,0.0,0.0,,0.0,0.0,0.0,0.0,0.0
568,Ryan Byrnes,St Kilda,0.0,0.0,,0.0,0.0,0.0,0.0,0.0
560,Liam O'Connell,St Kilda,0.0,0.0,,0.0,0.0,0.0,0.0,0.0
639,Tobie Travaglia,St Kilda,0.0,0.0,,0.0,0.0,0.0,0.0,0.0
652,Max King,St Kilda,0.0,0.0,,0.0,0.0,0.0,0.0,0.0
2,Isaac Heeney,Sydney,25.0,25.0,,25.0,25.0,25.0,25.0,25.0
5,Brodie Grundy,Sydney,16.0,16.0,,16.0,16.0,16.0,16.0,16.0
1,Errol Gulden,Sydney,16.0,16.0,,16.0,16.0,16.0,16.0,16.0
4,Chad Warner,Sydney,11.0,11.0,,11.0,11.0,11.0,11.0,11.0
12,Charlie Curnow,Sydney,9.0,9.0,,9.0,9.0,9.0,9.0,9.0
0,Justin McInerney,Sydney,7.0,7.0,,7.0,7.0,7.0,7.0,7.0
13,Nick Blakey,Sydney,7.0,7.0,,7.0,7.0,7.0,7.0,7.0
21,Malcolm Rosas,Sydney,3.0,3.0,,3.0,3.0,3.0,3.0,3.0
15,Joel Amartey,Sydney,3.0,3.0,,3.0,3.0,3.0,3.0,3.0
647,Braeden Campbell,Sydney,1.0,1.0,,1.0,1.0,1.0,1.0,1.0
22,Tom Papley,Sydney,1.0,1.0,,1.0,1.0,1.0,1.0,1.0
14,Tom McCartin,Sydney,1.0,1.0,,1.0,1.0,1.0,1.0,1.0
6,Matt Roberts,Sydney,0.0,0.0,,0.0,0.0,0.0,0.0,0.0
16,Riley Bice,Sydney,0.0,0.0,,0.0,0.0,0.0,0.0,0.0
11,Jai Serong,Sydney,0.0,0.0,,0.0,0.0,0.0,0.0,0.0
10,Callum Mills,Sydney,0.0,0.0,,0.0,0.0,0.0,0.0,0.0
8,Angus Sheldrick,Sydney,0.0,0.0,,0.0,0.0,0.0,0.0,0.0
3,James Rowbottom,Sydney,0.0,0.0,,0.0,0.0,0.0,0.0,0.0
17,Jake Lloyd,Sydney,0.0,0.0,,0.0,0.0,0.0,0.0,0.0
18,Dane Rampe,Sydney,0.0,0.0,,0.0,0.0,0.0,0.0,0.0
19,James Jordon,Sydney,0.0,0.0,,0.0,0.0,0.0,0.0,0.0
20,Logan McDonald,Sydney,0.0,0.0,,0.0,0.0,0.0,0.0,0.0
26,Sam Wicks,Sydney,0.0,0.0,,0.0,0.0,0.0,0.0,0.0
27,Lewis Melican,Sydney,0.0,0.0,,0.0,0.0,0.0,0.0,0.0
598,Harry Kyle,Sydney,0.0,0.0,,0.0,0.0,0.0,0.0,0.0
597,Peter Ladhams,Sydney,0.0,0.0,,0.0,0.0,0.0,0.0,0.0
431,Corey Warner,Sydney,0.0,0.0,,0.0,0.0,0.0,0.0,0.0
432,Caiden Cleary,Sydney,0.0,0.0,,0.0,0.0,0.0,0.0,0.0
495,Harry Cunningham,Sydney,0.0,0.0,,0.0,0.0,0.0,0.0,0.0
565,Hayden McLean,Sydney,0.0,0.0,,0.0,0.0,0.0,0.0,0.0
517,Joel Hamling,Sydney,0.0,0.0,,0.0,0.0,0.0,0.0,0.0
658,William Green,Sydney,0.0,0.0,,0.0,0.0,0.0,0.0,0.0
657,Jesse Dattoli,Sydney,0.0,0.0,,0.0,0.0,0.0,0.0,0.0
543,Billy Cootee,Sydney,0.0,0.0,,0.0,0.0,0.0,0.0,0.0
542,William Edwards,Sydney,0.0,0.0,,0.0,0.0,0.0,0.0,0.0
590,Tom Hanily,Sydney,0.0,0.0,,0.0,0.0,0.0,0.0,0.0
411,Harley Reid,West Coast,12.0,12.0,,12.0,12.0,12.0,12.0,12.0
414,Jake Waterman,West Coast,3.0,3.0,,3.0,3.0,3.0,3.0,3.0
426,Reuben Ginbey,West Coast,3.0,3.0,,3.0,3.0,3.0,3.0,3.0
520,Bailey Williams,West Coast,3.0,3.0,,3.0,3.0,3.0,3.0,3.0
448,Tim Kelly,West Coast,1.0,1.0,,1.0,1.0,1.0,1.0,1.0
417,Willem Duursma,West Coast,1.0,1.0,,1.0,1.0,1.0,1.0,1.0
415,Tom McCarthy,West Coast,1.0,1.0,,1.0,1.0,1.0,1.0,1.0
424,Jacob Newton,West Coast,0.0,0.0,,0.0,0.0,0.0,0.0,0.0
407,Milan Murdock,West Coast,0.0,0.0,,0.0,0.0,0.0,0.0,0.0
423,Jobe Shanahan,West Coast,0.0,0.0,,0.0,0.0,0.0,0.0,0.0
422,Jamie Cripps,West Coast,0.0,0.0,,0.0,0.0,0.0,0.0,0.0
409,Deven Robertson,West Coast,0.0,0.0,,0.0,0.0,0.0,0.0,0.0
410,Jack Graham,West Coast,0.0,0.0,,0.0,0.0,0.0,0.0,0.0
412,Elliot Yeo,West Coast,0.0,0.0,,0.0,0.0,0.0,0.0,0.0
413,Liam Duggan,West Coast,0.0,0.0,,0.0,0.0,0.0,0.0,0.0
416,Ryan Maric,West Coast,0.0,0.0,,0.0,0.0,0.0,0.0,0.0
418,Hamish Davis,West Coast,0.0,0.0,,0.0,0.0,0.0,0.0,0.0
419,Josh Lindsay,West Coast,0.0,0.0,,0.0,0.0,0.0,0.0,0.0
420,Tylar Young,West Coast,0.0,0.0,,0.0,0.0,0.0,0.0,0.0
421,Bo Allan,West Coast,0.0,0.0,,0.0,0.0,0.0,0.0,0.0
619,Tom Gross,West Coast,0.0,0.0,,0.0,0.0,0.0,0.0,0.0
617,Marcus Herbert,West Coast,0.0,0.0,,0.0,0.0,0.0,0.0,0.0
631,Oliver Francou,West Coast,0.0,0.0,,0.0,0.0,0.0,0.0,0.0
607,Brandon Starcevich,West Coast,0.0,0.0,,0.0,0.0,0.0,0.0,0.0
428,Tom Cole,West Coast,0.0,0.0,,0.0,0.0,0.0,0.0,0.0
429,Brady Hough,West Coast,0.0,0.0,,0.0,0.0,0.0,0.0,0.0
449,Liam Baker,West Coast,0.0,0.0,,0.0,0.0,0.0,0.0,0.0
430,Cooper Duff-Tytler,West Coast,0.0,0.0,,0.0,0.0,0.0,0.0,0.0
497,Malakai Champion,West Coast,0.0,0.0,,0.0,0.0,0.0,0.0,0.0
498,Matthew Owies,West Coast,0.0,0.0,,0.0,0.0,0.0,0.0,0.0
496,Sandy Brock,West Coast,0.0,0.0,,0.0,0.0,0.0,0.0,0.0
450,Harry Edwards,West Coast,0.0,0.0,,0.0,0.0,0.0,0.0,0.0
475,Harry Schoenberg,West Coast,0.0,0.0,,0.0,0.0,0.0,0.0,0.0
574,Harvey Johnston,West Coast,0.0,0.0,,0.0,0.0,0.0,0.0,0.0
585,Rhett Bazzo,West Coast,0.0,0.0,,0.0,0.0,0.0,0.0,0.0
573,Jack Hutchinson,West Coast,0.0,0.0,,0.0,0.0,0.0,0.0,0.0
522,Elijah Hewett,West Coast,0.0,0.0,,0.0,0.0,0.0,0.0,0.0
552,Jack Williams,West Coast,0.0,0.0,,0.0,0.0,0.0,0.0,0.0
425,Archer Reid,West Coast,0.0,0.0,,0.0,0.0,0.0,0.0,0.0
427,Matt Flynn,West Coast,0.0,0.0,,0.0,0.0,0.0,0.0,0.0
143,Marcus Bontempelli,Western Bulldogs,28.0,28.0,,28.0,28.0,28.0,28.0,28.0
138,Ed Richards,Western Bulldogs,19.0,19.0,,19.0,19.0,19.0,19.0,19.0
281,Ryley Sanders,Western Bulldogs,4.0,4.0,,4.0,4.0,4.0,4.0,4.0
146,Tom Liberatore,Western Bulldogs,3.0,3.0,,3.0,3.0,3.0,3.0,3.0
158,Aaron Naughton,Western Bulldogs,3.0,3.0,,3.0,3.0,3.0,3.0,3.0
141,Matthew Kennedy,Western Bulldogs,2.0,2.0,,2.0,2.0,2.0,2.0,2.0
145,Bailey Williams,Western Bulldogs,2.0,2.0,,2.0,2.0,2.0,2.0,2.0
162,Joel Freijah,Western Bulldogs,2.0,2.0,,2.0,2.0,2.0,2.0,2.0
164,Bailey Dale,Western Bulldogs,2.0,2.0,,2.0,2.0,2.0,2.0,2.0
161,Lachlan Bramble,Western Bulldogs,1.0,1.0,,1.0,1.0,1.0,1.0,1.0
178,James O'Donnell,Western Bulldogs,0.0,0.0,,0.0,0.0,0.0,0.0,0.0
176,Cooper Hynes,Western Bulldogs,0.0,0.0,,0.0,0.0,0.0,0.0,0.0
147,Tim English,Western Bulldogs,0.0,0.0,,0.0,0.0,0.0,0.0,0.0
148,Connor Budarick,Western Bulldogs,0.0,0.0,,0.0,0.0,0.0,0.0,0.0
157,Rory Lobb,Western Bulldogs,0.0,0.0,,0.0,0.0,0.0,0.0,0.0
159,Sam Darcy,Western Bulldogs,0.0,0.0,,0.0,0.0,0.0,0.0,0.0
163,Rhylee West,Western Bulldogs,0.0,0.0,,0.0,0.0,0.0,0.0,0.0
180,Arthur Jones,Western Bulldogs,0.0,0.0,,0.0,0.0,0.0,0.0,0.0
181,Jordan Croft,Western Bulldogs,0.0,0.0,,0.0,0.0,0.0,0.0,0.0
179,Buku Khamis,Western Bulldogs,0.0,0.0,,0.0,0.0,0.0,0.0,0.0
282,Will Lewis,Western Bulldogs,0.0,0.0,,0.0,0.0,0.0,0.0,0.0
166,Lachie Jaques,Western Bulldogs,0.0,0.0,,0.0,0.0,0.0,0.0,0.0
613,Luke Kennedy,Western Bulldogs,0.0,0.0,,0.0,0.0,0.0,0.0,0.0
602,Cody Weightman,Western Bulldogs,0.0,0.0,,0.0,0.0,0.0,0.0,0.0
594,Luke Cleary,Western Bulldogs,0.0,0.0,,0.0,0.0,0.0,0.0,0.0
506,Lachlan McNeil,Western Bulldogs,0.0,0.0,,0.0,0.0,0.0,0.0,0.0
504,Josh Dolan,Western Bulldogs,0.0,0.0,,0.0,0.0,0.0,0.0,0.0
518,Harvey Gallagher,Western Bulldogs,0.0,0.0,,0.0,0.0,0.0,0.0,0.0
171,Sam Davidson,Western Bulldogs,0.0,0.0,,0.0,0.0,0.0,0.0,0.0
173,Michael Sellwood,Western Bulldogs,0.0,0.0,,0.0,0.0,0.0,0.0,0.0
174,Oskar Baker,Western Bulldogs,0.0,0.0,,0.0,0.0,0.0,0.0,0.0
555,Laitham Vandermeer,Western Bulldogs,0.0,0.0,,0.0,0.0,0.0,0.0,0.0
554,Nick Coffield,Western Bulldogs,0.0,0.0,,0.0,0.0,0.0,0.0,0.0
519,Louis Emmett,Western Bulldogs,0.0,0.0,,0.0,0.0,0.0,0.0,0.0
663,Lachlan Carmichael,Western Bulldogs,0.0,0.0,,0.0,0.0,0.0,0.0,0.0
546,Ryan Gardner,Western Bulldogs,0.0,0.0,,0.0,0.0,0.0,0.0,0.0
545,Lachlan Smith,Western Bulldogs,0.0,0.0,,0.0,0.0,0.0,0.0,0.0
544,Jedd Busslinger,Western Bulldogs,0.0,0.0,,0.0,0.0,0.0,0.0,0.0
541,Adam Treloar,Western Bulldogs,0.0,0.0,,0.0,0.0,0.0,0.0,0.0
